Customer_ID,Counter_ID,Start_Time,End_Time
158,high,2018-09-03T07:27:19,2018-09-03T08:03:19
48,high,2018-09-03T08:03:19,2018-09-03T09:02:19
73,high,2018-09-03T09:02:19,2018-09-03T10:48:19
80,high,2018-09-03T10:48:19,2018-09-03T12:45:19
196,high,2018-09-03T12:45:19,2018-09-03T14:14:19
71,high,2018-09-03T14:14:19,2018-09-03T15:45:19
99,high,2018-09-03T15:45:19,2018-09-03T17:12:19
143,high,2018-09-03T17:12:19,2018-09-03T18:10:19
57,high,2018-09-03T18:10:19,2018-09-03T19:21:19
145,high,2018-09-03T19:21:19,2018-09-03T21:18:19
7,high,2018-09-03T21:18:19,2018-09-03T21:33:19
86,high,2018-09-03T21:33:19,2018-09-03T21:39:19
120,high,2018-09-03T21:39:19,2018-09-03T22:11:19
68,high,2018-09-03T22:11:19,2018-09-03T23:09:19
119,high,2018-09-03T23:09:19,2018-09-04T01:04:19
60,high,2018-09-04T01:04:19,2018-09-04T02:12:19
77,high,2018-09-04T02:12:19,2018-09-04T02:21:19
101,high,2018-09-04T02:21:19,2018-09-04T04:17:19
2,high,2018-09-04T04:17:19,2018-09-04T06:04:19
75,high,2018-09-04T06:04:19,2018-09-04T07:14:19
113,high,2018-09-04T07:14:19,2018-09-04T08:32:19
126,high,2018-09-04T08:32:19,2018-09-04T10:31:19
135,high,2018-09-04T10:31:19,2018-09-04T10:38:19
8,high,2018-09-04T10:38:19,2018-09-04T12:16:19
109,high,2018-09-04T12:16:19,2018-09-04T13:58:19
180,high,2018-09-04T13:58:19,2018-09-04T15:30:19
72,high,2018-09-04T15:30:19,2018-09-04T16:59:19
20,high,2018-09-04T16:59:19,2018-09-04T18:52:19
296,medium,2018-09-03T08:27:13,2018-09-03T10:21:13
357,medium,2018-09-03T10:21:13,2018-09-03T11:35:13
54,high,2018-09-04T18:52:19,2018-09-04T20:40:19
161,high,2018-09-04T20:40:19,2018-09-04T22:23:19
308,medium,2018-09-03T11:35:13,2018-09-03T13:08:13
621,medium,2018-09-03T13:08:13,2018-09-03T13:28:13
417,medium,2018-09-03T13:28:13,2018-09-03T14:11:13
388,medium,2018-09-03T14:11:13,2018-09-03T14:26:13
672,medium,2018-09-03T14:26:13,2018-09-03T15:44:13
322,medium,2018-09-03T15:44:13,2018-09-03T17:05:13
348,medium,2018-09-03T17:05:13,2018-09-03T18:29:13
671,medium,2018-09-03T18:29:13,2018-09-03T18:39:13
206,medium,2018-09-03T18:39:13,2018-09-03T20:34:13
540,medium,2018-09-03T20:34:13,2018-09-03T20:59:13
680,medium,2018-09-03T20:59:13,2018-09-03T21:31:13
321,medium,2018-09-03T21:31:13,2018-09-03T21:44:13
159,high,2018-09-04T22:23:19,2018-09-04T23:33:19
516,medium,2018-09-03T21:44:13,2018-09-03T23:10:13
104,high,2018-09-04T23:33:19,2018-09-05T01:15:19
3,high,2018-09-05T01:15:19,2018-09-05T02:25:19
299,medium,2018-09-03T23:10:13,2018-09-03T23:50:13
700,medium,2018-09-03T23:50:13,2018-09-04T00:47:13
151,high,2018-09-05T02:25:19,2018-09-05T03:42:19
553,medium,2018-09-04T00:47:13,2018-09-04T01:21:13
326,medium,2018-09-04T01:21:13,2018-09-04T01:59:13
33,high,2018-09-05T03:42:19,2018-09-05T04:46:19
577,medium,2018-09-04T01:59:13,2018-09-04T02:45:13
229,high,2018-09-05T04:46:19,2018-09-05T04:57:19
394,medium,2018-09-04T02:45:13,2018-09-04T03:49:13
12,high,2018-09-05T04:57:19,2018-09-05T06:31:19
638,medium,2018-09-04T03:49:13,2018-09-04T05:39:13
692,high,2018-09-05T06:31:19,2018-09-05T08:04:19
44,high,2018-09-05T08:04:19,2018-09-05T09:49:19
615,medium,2018-09-04T05:39:13,2018-09-04T05:55:13
240,medium,2018-09-04T05:55:13,2018-09-04T07:10:13
614,medium,2018-09-04T07:10:13,2018-09-04T08:33:13
616,medium,2018-09-04T08:33:13,2018-09-04T10:24:13
27,high,2018-09-05T09:49:19,2018-09-05T10:08:19
435,medium,2018-09-04T10:24:13,2018-09-04T11:53:13
287,medium,2018-09-04T11:53:13,2018-09-04T13:14:13
618,medium,2018-09-04T13:14:13,2018-09-04T13:37:13
452,high,2018-09-05T10:08:19,2018-09-05T10:13:19
203,high,2018-09-05T10:13:19,2018-09-05T10:52:19
612,high,2018-09-05T10:52:19,2018-09-05T12:22:19
658,high,2018-09-05T12:22:19,2018-09-05T12:44:19
412,medium,2018-09-04T13:37:13,2018-09-04T15:30:13
164,high,2018-09-05T12:44:19,2018-09-05T14:36:19
497,medium,2018-09-04T15:30:13,2018-09-04T15:56:13
253,high,2018-09-05T14:36:19,2018-09-05T16:28:19
106,high,2018-09-05T16:28:19,2018-09-05T17:49:19
167,high,2018-09-05T17:49:19,2018-09-05T18:53:19
349,high,2018-09-05T18:53:19,2018-09-05T19:39:19
341,medium,2018-09-04T15:56:13,2018-09-04T17:06:13
36,high,2018-09-05T19:39:19,2018-09-05T19:49:19
528,high,2018-09-05T19:49:19,2018-09-05T21:21:19
634,high,2018-09-05T21:21:19,2018-09-05T22:14:19
354,medium,2018-09-04T17:06:13,2018-09-04T18:52:13
385,medium,2018-09-04T18:52:13,2018-09-04T20:08:13
47,high,2018-09-05T22:14:19,2018-09-05T23:37:19
637,medium,2018-09-04T20:08:13,2018-09-04T21:22:13
65,high,2018-09-05T23:37:19,2018-09-06T01:28:19
670,medium,2018-09-04T21:22:13,2018-09-04T21:59:13
160,high,2018-09-06T01:28:19,2018-09-06T02:46:19
471,medium,2018-09-04T21:59:13,2018-09-04T23:08:13
332,medium,2018-09-04T23:08:13,2018-09-05T00:03:13
30,high,2018-09-06T02:46:19,2018-09-06T04:13:19
1,high,2018-09-06T04:13:19,2018-09-06T05:35:19
548,medium,2018-09-05T00:03:13,2018-09-05T01:45:13
529,medium,2018-09-05T01:45:13,2018-09-05T02:45:13
250,medium,2018-09-05T02:45:13,2018-09-05T02:57:13
643,medium,2018-09-05T02:57:13,2018-09-05T04:31:13
610,medium,2018-09-05T04:31:13,2018-09-05T05:40:13
371,medium,2018-09-05T05:40:13,2018-09-05T06:04:13
289,medium,2018-09-05T06:04:13,2018-09-05T06:12:13
293,medium,2018-09-05T06:12:13,2018-09-05T07:49:13
25,high,2018-09-06T05:35:19,2018-09-06T06:48:19
514,high,2018-09-06T06:48:19,2018-09-06T08:08:19
531,medium,2018-09-05T07:49:13,2018-09-05T08:10:13
533,medium,2018-09-05T08:10:13,2018-09-05T09:31:13
210,medium,2018-09-05T09:31:13,2018-09-05T11:11:13
500,medium,2018-09-05T11:11:13,2018-09-05T12:39:13
379,medium,2018-09-05T12:39:13,2018-09-05T14:30:13
46,high,2018-09-06T08:08:19,2018-09-06T08:42:19
172,high,2018-09-06T08:42:19,2018-09-06T10:31:19
476,medium,2018-09-05T14:30:13,2018-09-05T14:46:13
261,medium,2018-09-05T14:46:13,2018-09-05T15:31:13
128,high,2018-09-06T10:31:19,2018-09-06T11:20:19
596,medium,2018-09-05T15:31:13,2018-09-05T17:24:13
606,medium,2018-09-05T17:24:13,2018-09-05T17:57:13
579,medium,2018-09-05T17:57:13,2018-09-05T18:12:13
370,medium,2018-09-05T18:12:13,2018-09-05T18:21:13
245,medium,2018-09-05T18:21:13,2018-09-05T19:27:13
524,medium,2018-09-05T19:27:13,2018-09-05T20:57:13
140,high,2018-09-06T11:20:19,2018-09-06T13:07:19
307,medium,2018-09-05T20:57:13,2018-09-05T22:08:13
87,high,2018-09-06T13:07:19,2018-09-06T13:13:19
581,medium,2018-09-05T22:08:13,2018-09-05T22:45:13
184,high,2018-09-06T13:13:19,2018-09-06T14:14:19
40,high,2018-09-06T14:14:19,2018-09-06T15:59:19
313,medium,2018-09-05T22:45:13,2018-09-06T00:12:13
381,medium,2018-09-06T00:12:13,2018-09-06T00:59:13
562,medium,2018-09-06T00:59:13,2018-09-06T01:23:13
100,high,2018-09-06T15:59:19,2018-09-06T17:00:19
127,high,2018-09-06T17:00:19,2018-09-06T18:32:19
569,medium,2018-09-06T01:23:13,2018-09-06T02:33:13
481,medium,2018-09-06T02:33:13,2018-09-06T03:29:13
389,medium,2018-09-06T03:29:13,2018-09-06T04:52:13
262,medium,2018-09-06T04:52:13,2018-09-06T05:34:13
544,medium,2018-09-06T05:34:13,2018-09-06T06:51:13
194,high,2018-09-06T18:32:19,2018-09-06T19:38:19
972,low,2018-09-03T09:27:21,2018-09-03T09:36:21
1048,low,2018-09-03T09:36:21,2018-09-03T10:10:21
911,low,2018-09-03T10:10:21,2018-09-03T10:57:21
169,high,2018-09-06T19:38:19,2018-09-06T19:56:19
780,low,2018-09-03T10:57:21,2018-09-03T12:07:21
182,high,2018-09-06T19:56:19,2018-09-06T20:41:19
1508,low,2018-09-03T12:07:21,2018-09-03T13:37:21
1965,low,2018-09-03T13:37:21,2018-09-03T14:49:21
713,low,2018-09-03T14:49:21,2018-09-03T15:35:21
946,low,2018-09-03T15:35:21,2018-09-03T15:49:21
1138,low,2018-09-03T15:49:21,2018-09-03T17:01:21
607,medium,2018-09-06T06:51:13,2018-09-06T07:14:13
325,medium,2018-09-06T07:14:13,2018-09-06T08:41:13
1714,high,2018-09-06T20:41:19,2018-09-06T20:47:19
1876,high,2018-09-06T20:47:19,2018-09-06T22:21:19
338,medium,2018-09-06T08:41:13,2018-09-06T10:24:13
758,low,2018-09-03T17:01:21,2018-09-03T18:05:21
826,low,2018-09-03T18:05:21,2018-09-03T19:38:21
645,medium,2018-09-06T10:24:13,2018-09-06T11:03:13
118,high,2018-09-06T22:21:19,2018-09-06T23:52:19
1686,low,2018-09-03T19:38:21,2018-09-03T20:13:21
1380,low,2018-09-03T20:13:21,2018-09-03T21:39:21
139,high,2018-09-06T23:52:19,2018-09-06T23:59:19
829,low,2018-09-03T21:39:21,2018-09-03T21:46:21
134,high,2018-09-06T23:59:19,2018-09-07T00:07:19
340,medium,2018-09-06T11:03:13,2018-09-06T11:58:13
1417,low,2018-09-03T21:46:21,2018-09-03T22:08:21
949,low,2018-09-03T22:08:21,2018-09-03T23:39:21
81,high,2018-09-07T00:07:19,2018-09-07T00:43:19
729,low,2018-09-03T23:39:21,2018-09-03T23:59:21
248,medium,2018-09-06T11:58:13,2018-09-06T12:30:13
148,high,2018-09-07T00:43:19,2018-09-07T00:56:19
1626,low,2018-09-03T23:59:21,2018-09-04T00:06:21
1989,low,2018-09-04T00:06:21,2018-09-04T00:20:21
995,low,2018-09-04T00:20:21,2018-09-04T01:52:21
268,medium,2018-09-06T12:30:13,2018-09-06T13:44:13
421,medium,2018-09-06T13:44:13,2018-09-06T15:05:13
957,low,2018-09-04T01:52:21,2018-09-04T01:53:21
1845,low,2018-09-04T01:53:21,2018-09-04T02:33:21
337,medium,2018-09-06T15:05:13,2018-09-06T16:47:13
1133,low,2018-09-04T02:33:21,2018-09-04T03:36:21
74,high,2018-09-07T00:56:19,2018-09-07T01:00:19
1199,low,2018-09-04T03:36:21,2018-09-04T03:58:21
401,medium,2018-09-06T16:47:13,2018-09-06T18:16:13
124,high,2018-09-07T01:00:19,2018-09-07T02:37:19
1656,low,2018-09-04T03:58:21,2018-09-04T05:00:21
590,medium,2018-09-06T18:16:13,2018-09-06T19:33:13
1261,low,2018-09-04T05:00:21,2018-09-04T06:13:21
635,medium,2018-09-06T19:33:13,2018-09-06T20:19:13
710,low,2018-09-04T06:13:21,2018-09-04T06:42:21
1887,low,2018-09-04T06:42:21,2018-09-04T08:11:21
1224,low,2018-09-04T08:11:21,2018-09-04T08:38:21
730,low,2018-09-04T08:38:21,2018-09-04T09:13:21
1149,low,2018-09-04T09:13:21,2018-09-04T11:02:21
1706,low,2018-09-04T11:02:21,2018-09-04T11:39:21
1633,low,2018-09-04T11:39:21,2018-09-04T12:53:21
752,low,2018-09-04T12:53:21,2018-09-04T14:31:21
1542,low,2018-09-04T14:31:21,2018-09-04T15:05:21
1640,low,2018-09-04T15:05:21,2018-09-04T16:44:21
111,high,2018-09-07T02:37:19,2018-09-07T02:54:19
470,medium,2018-09-06T20:19:13,2018-09-06T20:40:13
136,high,2018-09-07T02:54:19,2018-09-07T03:24:19
1559,low,2018-09-04T16:44:21,2018-09-04T16:46:21
334,medium,2018-09-06T20:40:13,2018-09-06T21:50:13
669,medium,2018-09-06T21:50:13,2018-09-06T23:46:13
239,medium,2018-09-06T23:46:13,2018-09-07T01:02:13
281,medium,2018-09-07T01:02:13,2018-09-07T01:52:13
1433,low,2018-09-04T16:46:21,2018-09-04T17:16:21
998,low,2018-09-04T17:16:21,2018-09-04T18:45:21
243,medium,2018-09-07T01:52:13,2018-09-07T02:01:13
1110,low,2018-09-04T18:45:21,2018-09-04T19:06:21
1822,low,2018-09-04T19:06:21,2018-09-04T20:38:21
1886,low,2018-09-04T20:38:21,2018-09-04T21:44:21
1736,low,2018-09-04T21:44:21,2018-09-04T21:48:21
1147,low,2018-09-04T21:48:21,2018-09-04T23:25:21
1245,low,2018-09-04T23:25:21,2018-09-04T23:41:21
1917,low,2018-09-04T23:41:21,2018-09-04T23:44:21
756,low,2018-09-04T23:44:21,2018-09-05T00:20:21
1068,low,2018-09-05T00:20:21,2018-09-05T00:46:21
888,low,2018-09-05T00:46:21,2018-09-05T02:35:21
1737,low,2018-09-05T02:35:21,2018-09-05T03:01:21
1459,low,2018-09-05T03:01:21,2018-09-05T04:21:21
1733,low,2018-09-05T04:21:21,2018-09-05T05:24:21
130,high,2018-09-07T03:24:19,2018-09-07T03:51:19
264,medium,2018-09-07T02:01:13,2018-09-07T03:09:13
835,low,2018-09-05T05:24:21,2018-09-05T06:01:21
1772,low,2018-09-05T06:01:21,2018-09-05T07:17:21
473,medium,2018-09-07T03:09:13,2018-09-07T03:56:13
1274,low,2018-09-05T07:17:21,2018-09-05T09:00:21
1141,low,2018-09-05T09:00:21,2018-09-05T09:55:21
1069,low,2018-09-05T09:55:21,2018-09-05T11:38:21
813,low,2018-09-05T11:38:21,2018-09-05T11:46:21
1414,low,2018-09-05T11:46:21,2018-09-05T13:02:21
980,low,2018-09-05T13:02:21,2018-09-05T14:19:21
1481,high,2018-09-07T03:51:19,2018-09-07T03:56:19
1761,medium,2018-09-07T03:56:13,2018-09-07T05:49:13
358,high,2018-09-07T03:56:19,2018-09-07T05:53:19
782,medium,2018-09-07T05:49:13,2018-09-07T07:45:13
1458,low,2018-09-05T14:19:21,2018-09-05T15:57:21
257,high,2018-09-07T05:53:19,2018-09-07T07:46:19
990,low,2018-09-05T15:57:21,2018-09-05T16:53:21
1172,low,2018-09-05T16:53:21,2018-09-05T18:12:21
908,low,2018-09-05T18:12:21,2018-09-05T18:49:21
314,medium,2018-09-07T07:45:13,2018-09-07T08:15:13
816,low,2018-09-05T18:49:21,2018-09-05T20:22:21
362,high,2018-09-07T07:46:19,2018-09-07T08:35:19
1915,low,2018-09-05T20:22:21,2018-09-05T21:16:21
1109,low,2018-09-05T21:16:21,2018-09-05T22:26:21
474,high,2018-09-07T08:35:19,2018-09-07T08:45:19
1749,low,2018-09-05T22:26:21,2018-09-06T00:19:21
1186,medium,2018-09-07T08:15:13,2018-09-07T09:17:13
53,high,2018-09-07T08:45:19,2018-09-07T10:06:19
623,medium,2018-09-07T09:17:13,2018-09-07T10:41:13
490,high,2018-09-07T10:06:19,2018-09-07T11:06:19
1344,low,2018-09-06T00:19:21,2018-09-06T01:06:21
684,medium,2018-09-07T10:41:13,2018-09-07T12:23:13
190,high,2018-09-07T11:06:19,2018-09-07T12:45:19
1400,low,2018-09-06T01:06:21,2018-09-06T02:10:21
1281,low,2018-09-06T02:10:21,2018-09-06T03:27:21
1604,medium,2018-09-07T12:23:13,2018-09-07T13:23:13
193,high,2018-09-07T12:45:19,2018-09-07T14:16:19
1094,low,2018-09-06T03:27:21,2018-09-06T05:13:21
959,medium,2018-09-07T13:23:13,2018-09-07T14:06:13
800,medium,2018-09-07T14:06:13,2018-09-07T14:41:13
426,high,2018-09-07T14:16:19,2018-09-07T15:54:19
513,medium,2018-09-07T14:41:13,2018-09-07T16:37:13
1139,low,2018-09-06T05:13:21,2018-09-06T06:50:21
1220,low,2018-09-06T06:50:21,2018-09-06T08:06:21
272,high,2018-09-07T15:54:19,2018-09-07T17:49:19
114,high,2018-09-07T17:49:19,2018-09-07T18:30:19
1748,medium,2018-09-07T16:37:13,2018-09-07T16:48:13
1406,medium,2018-09-07T16:48:13,2018-09-07T17:40:13
1312,medium,2018-09-07T17:40:13,2018-09-07T19:03:13
112,high,2018-09-07T18:30:19,2018-09-07T19:57:19
975,low,2018-09-06T08:06:21,2018-09-06T09:48:21
330,medium,2018-09-07T19:03:13,2018-09-07T20:58:13
947,low,2018-09-06T09:48:21,2018-09-06T10:56:21
310,high,2018-09-07T19:57:19,2018-09-07T20:28:19
1132,low,2018-09-06T10:56:21,2018-09-06T12:00:21
725,low,2018-09-06T12:00:21,2018-09-06T12:19:21
682,high,2018-09-07T20:28:19,2018-09-07T21:15:19
1617,low,2018-09-06T12:19:21,2018-09-06T13:06:21
1179,high,2018-09-07T21:15:19,2018-09-07T22:08:19
619,medium,2018-09-07T20:58:13,2018-09-07T22:55:13
107,high,2018-09-07T22:08:19,2018-09-07T22:24:19
1932,low,2018-09-06T13:06:21,2018-09-06T14:45:21
988,low,2018-09-06T14:45:21,2018-09-06T16:28:21
1682,low,2018-09-06T16:28:21,2018-09-06T18:18:21
150,high,2018-09-07T22:24:19,2018-09-07T23:58:19
144,high,2018-09-07T23:58:19,2018-09-08T01:05:19
1762,low,2018-09-06T18:18:21,2018-09-06T19:39:21
1615,low,2018-09-06T19:39:21,2018-09-06T21:09:21
1375,low,2018-09-06T21:09:21,2018-09-06T21:26:21
123,high,2018-09-08T01:05:19,2018-09-08T01:15:19
1720,low,2018-09-06T21:26:21,2018-09-06T22:02:21
1627,low,2018-09-06T22:02:21,2018-09-06T23:43:21
1061,low,2018-09-06T23:43:21,2018-09-07T00:03:21
901,low,2018-09-07T00:03:21,2018-09-07T01:22:21
695,medium,2018-09-07T22:55:13,2018-09-07T22:58:13
1106,low,2018-09-07T01:22:21,2018-09-07T02:44:21
1474,low,2018-09-07T02:44:21,2018-09-07T03:00:21
1289,low,2018-09-07T03:00:21,2018-09-07T03:33:21
1802,low,2018-09-07T03:33:21,2018-09-07T05:30:21
1858,low,2018-09-07T05:30:21,2018-09-07T07:00:21
845,low,2018-09-07T07:00:21,2018-09-07T07:07:21
751,high,2018-09-08T01:15:19,2018-09-08T01:38:19
518,medium,2018-09-07T22:58:13,2018-09-08T00:51:13
681,medium,2018-09-08T00:51:13,2018-09-08T02:18:13
1573,low,2018-09-07T07:07:21,2018-09-07T09:05:21
1767,low,2018-09-07T09:05:21,2018-09-07T11:05:21
1173,low,2018-09-07T11:05:21,2018-09-07T12:02:21
1009,low,2018-09-07T12:02:21,2018-09-07T13:46:21
742,low,2018-09-07T13:46:21,2018-09-07T15:44:21
691,high,2018-09-08T01:38:19,2018-09-08T01:57:19
1127,low,2018-09-07T15:44:21,2018-09-07T16:15:21
1536,low,2018-09-07T16:15:21,2018-09-07T17:42:21
875,low,2018-09-07T17:42:21,2018-09-07T18:43:21
1441,low,2018-09-07T18:43:21,2018-09-07T20:10:21
1689,low,2018-09-07T20:10:21,2018-09-07T21:56:21
922,low,2018-09-07T21:56:21,2018-09-07T22:15:21
1828,low,2018-09-07T22:15:21,2018-09-07T23:44:21
165,high,2018-09-08T01:57:19,2018-09-08T02:41:19
1039,low,2018-09-07T23:44:21,2018-09-08T01:08:21
1812,low,2018-09-08T01:08:21,2018-09-08T01:38:21
360,medium,2018-09-08T02:18:13,2018-09-08T03:07:13
1502,low,2018-09-08T01:38:21,2018-09-08T02:26:21
999,low,2018-09-08T02:26:21,2018-09-08T02:51:21
587,high,2018-09-08T02:41:19,2018-09-08T04:31:19
1027,low,2018-09-08T02:51:21,2018-09-08T03:38:21
1934,medium,2018-09-08T03:07:13,2018-09-08T03:43:13
1726,low,2018-09-08T03:38:21,2018-09-08T05:01:21
133,high,2018-09-08T04:31:19,2018-09-08T04:58:19
420,medium,2018-09-08T03:43:13,2018-09-08T05:39:13
588,high,2018-09-08T04:58:19,2018-09-08T05:51:19
1711,low,2018-09-08T05:01:21,2018-09-08T06:04:21
1864,medium,2018-09-08T05:39:13,2018-09-08T06:56:13
121,high,2018-09-08T05:51:19,2018-09-08T06:22:19
1778,low,2018-09-08T06:04:21,2018-09-08T06:39:21
422,high,2018-09-08T06:22:19,2018-09-08T07:20:19
1299,low,2018-09-08T06:39:21,2018-09-08T06:43:21
1888,high,2018-09-08T07:20:19,2018-09-08T08:01:19
487,medium,2018-09-08T06:56:13,2018-09-08T08:53:13
1264,low,2018-09-08T06:43:21,2018-09-08T08:08:21
484,high,2018-09-08T08:01:19,2018-09-08T08:31:19
886,low,2018-09-08T08:08:21,2018-09-08T09:38:21
1729,high,2018-09-08T08:31:19,2018-09-08T09:43:19
804,medium,2018-09-08T08:53:13,2018-09-08T09:26:13
802,medium,2018-09-08T09:26:13,2018-09-08T10:33:13
1800,low,2018-09-08T09:38:21,2018-09-08T11:20:21
683,high,2018-09-08T09:43:19,2018-09-08T11:17:19
820,medium,2018-09-08T10:33:13,2018-09-08T11:38:13
1157,medium,2018-09-08T11:38:13,2018-09-08T11:44:13
132,high,2018-09-08T11:17:19,2018-09-08T13:03:19
976,low,2018-09-08T11:20:21,2018-09-08T13:01:21
574,medium,2018-09-08T11:44:13,2018-09-08T12:02:13
936,medium,2018-09-08T12:02:13,2018-09-08T13:58:13
1697,low,2018-09-08T13:01:21,2018-09-08T14:10:21
1237,high,2018-09-08T13:03:19,2018-09-08T14:54:19
1244,low,2018-09-08T14:10:21,2018-09-08T14:12:21
1221,medium,2018-09-08T13:58:13,2018-09-08T15:40:13
1543,low,2018-09-08T14:12:21,2018-09-08T15:30:21
1821,high,2018-09-08T14:54:19,2018-09-08T15:32:19
521,high,2018-09-08T15:32:19,2018-09-08T16:22:19
1639,low,2018-09-08T15:30:21,2018-09-08T15:44:21
1277,low,2018-09-08T15:44:21,2018-09-08T16:55:21
943,medium,2018-09-08T15:40:13,2018-09-08T17:34:13
1892,high,2018-09-08T16:22:19,2018-09-08T17:50:19
586,medium,2018-09-08T17:34:13,2018-09-08T18:56:13
833,low,2018-09-08T16:55:21,2018-09-08T18:37:21
1610,high,2018-09-08T17:50:19,2018-09-08T19:12:19
1973,low,2018-09-08T18:37:21,2018-09-08T19:55:21
110,high,2018-09-08T19:12:19,2018-09-08T20:24:19
66,high,2018-09-08T20:24:19,2018-09-08T20:28:19
1524,medium,2018-09-08T18:56:13,2018-09-08T19:44:13
1032,medium,2018-09-08T19:44:13,2018-09-08T20:36:13
1330,low,2018-09-08T19:55:21,2018-09-08T20:24:21
987,low,2018-09-08T20:24:21,2018-09-08T21:25:21
958,high,2018-09-08T20:28:19,2018-09-08T22:25:19
49,high,2018-09-08T22:25:19,2018-09-08T22:26:19
1418,low,2018-09-08T21:25:21,2018-09-08T22:41:21
913,medium,2018-09-08T20:36:13,2018-09-08T22:33:13
185,high,2018-09-08T22:26:19,2018-09-08T22:45:19
443,medium,2018-09-08T22:33:13,2018-09-08T23:35:13
408,high,2018-09-08T22:45:19,2018-09-09T00:22:19
1666,medium,2018-09-08T23:35:13,2018-09-09T01:28:13
1208,low,2018-09-08T22:41:21,2018-09-08T23:25:21
11,high,2018-09-09T00:22:19,2018-09-09T01:20:19
1290,low,2018-09-08T23:25:21,2018-09-09T00:00:21
769,low,2018-09-09T00:00:21,2018-09-09T00:06:21
1339,low,2018-09-09T00:06:21,2018-09-09T01:55:21
1923,high,2018-09-09T01:20:19,2018-09-09T02:24:19
32,high,2018-09-09T02:24:19,2018-09-09T02:34:19
1525,low,2018-09-09T01:55:21,2018-09-09T02:01:21
885,low,2018-09-09T02:01:21,2018-09-09T02:05:21
1827,medium,2018-09-09T01:28:13,2018-09-09T03:12:13
1480,low,2018-09-09T02:05:21,2018-09-09T03:32:21
1042,high,2018-09-09T02:34:19,2018-09-09T03:30:19
364,medium,2018-09-09T03:12:13,2018-09-09T04:23:13
92,high,2018-09-09T03:30:19,2018-09-09T03:47:19
1063,low,2018-09-09T03:32:21,2018-09-09T04:36:21
743,high,2018-09-09T03:47:19,2018-09-09T04:18:19
498,high,2018-09-09T04:18:19,2018-09-09T04:46:19
536,medium,2018-09-09T04:23:13,2018-09-09T05:10:13
1906,low,2018-09-09T04:36:21,2018-09-09T05:51:21
785,high,2018-09-09T04:46:19,2018-09-09T06:46:19
237,medium,2018-09-09T05:10:13,2018-09-09T05:31:13
1469,low,2018-09-09T05:51:21,2018-09-09T06:02:21
372,medium,2018-09-09T05:31:13,2018-09-09T06:11:13
740,medium,2018-09-09T06:11:13,2018-09-09T06:51:13
1052,high,2018-09-09T06:46:19,2018-09-09T07:48:19
1951,medium,2018-09-09T06:51:13,2018-09-09T08:44:13
1482,low,2018-09-09T06:02:21,2018-09-09T07:30:21
1231,low,2018-09-09T07:30:21,2018-09-09T07:44:21
781,low,2018-09-09T07:44:21,2018-09-09T08:22:21
1856,low,2018-09-09T08:22:21,2018-09-09T08:53:21
519,high,2018-09-09T07:48:19,2018-09-09T09:44:19
724,medium,2018-09-09T08:44:13,2018-09-09T10:12:13
628,medium,2018-09-09T10:12:13,2018-09-09T10:30:13
108,high,2018-09-09T09:44:19,2018-09-09T09:54:19
1908,high,2018-09-09T09:54:19,2018-09-09T11:19:19
1404,low,2018-09-09T08:53:21,2018-09-09T10:14:21
1586,low,2018-09-09T10:14:21,2018-09-09T11:01:21
1033,medium,2018-09-09T10:30:13,2018-09-09T10:58:13
617,medium,2018-09-09T10:58:13,2018-09-09T12:07:13
940,low,2018-09-09T11:01:21,2018-09-09T12:02:21
594,high,2018-09-09T11:19:19,2018-09-09T12:40:19
1303,low,2018-09-09T12:02:21,2018-09-09T12:54:21
1693,medium,2018-09-09T12:07:13,2018-09-09T13:25:13
178,high,2018-09-09T12:40:19,2018-09-09T14:06:19
535,high,2018-09-09T14:06:19,2018-09-09T14:48:19
1230,low,2018-09-09T12:54:21,2018-09-09T14:47:21
696,medium,2018-09-09T13:25:13,2018-09-09T15:20:13
720,low,2018-09-09T14:47:21,2018-09-09T14:49:21
884,medium,2018-09-09T15:20:13,2018-09-09T16:18:13
302,high,2018-09-09T14:48:19,2018-09-09T16:40:19
18,high,2018-09-09T16:40:19,2018-09-09T17:47:19
863,low,2018-09-09T14:49:21,2018-09-09T16:15:21
400,medium,2018-09-09T16:18:13,2018-09-09T16:53:13
840,high,2018-09-09T17:47:19,2018-09-09T18:43:19
451,medium,2018-09-09T16:53:13,2018-09-09T18:31:13
1684,low,2018-09-09T16:15:21,2018-09-09T17:22:21
809,low,2018-09-09T17:22:21,2018-09-09T18:01:21
1967,low,2018-09-09T18:01:21,2018-09-09T19:08:21
303,medium,2018-09-09T18:31:13,2018-09-09T19:27:13
787,high,2018-09-09T18:43:19,2018-09-09T20:13:19
1200,high,2018-09-09T20:13:19,2018-09-09T21:26:19
424,medium,2018-09-09T19:27:13,2018-09-09T20:43:13
1861,low,2018-09-09T19:08:21,2018-09-09T19:46:21
436,high,2018-09-09T21:26:19,2018-09-09T22:01:19
1753,high,2018-09-09T22:01:19,2018-09-09T22:17:19
319,medium,2018-09-09T20:43:13,2018-09-09T22:36:13
821,low,2018-09-09T19:46:21,2018-09-09T21:03:21
233,high,2018-09-09T22:17:19,2018-09-09T23:11:19
1782,low,2018-09-09T21:03:21,2018-09-09T22:38:21
327,medium,2018-09-09T22:36:13,2018-09-09T23:10:13
391,medium,2018-09-09T23:10:13,2018-09-10T00:12:13
1108,low,2018-09-09T22:38:21,2018-09-09T22:59:21
1081,low,2018-09-09T22:59:21,2018-09-09T23:50:21
580,high,2018-09-09T23:11:19,2018-09-09T23:54:19
1850,low,2018-09-09T23:50:21,2018-09-09T23:56:21
1216,medium,2018-09-10T00:12:13,2018-09-10T01:01:13
223,high,2018-09-09T23:54:19,2018-09-10T01:34:19
1567,medium,2018-09-10T01:01:13,2018-09-10T02:11:13
295,high,2018-09-10T01:34:19,2018-09-10T03:07:19
1843,low,2018-09-09T23:56:21,2018-09-10T00:57:21
575,medium,2018-09-10T02:11:13,2018-09-10T03:20:13
964,low,2018-09-10T00:57:21,2018-09-10T01:02:21
1672,low,2018-09-10T01:02:21,2018-09-10T01:05:21
454,high,2018-09-10T03:07:19,2018-09-10T03:40:19
1618,medium,2018-09-10T03:20:13,2018-09-10T04:09:13
1635,low,2018-09-10T01:05:21,2018-09-10T02:33:21
1494,low,2018-09-10T02:33:21,2018-09-10T04:12:21
284,high,2018-09-10T03:40:19,2018-09-10T05:26:19
147,high,2018-09-10T05:26:19,2018-09-10T06:08:19
375,medium,2018-09-10T04:09:13,2018-09-10T05:33:13
1955,medium,2018-09-10T05:33:13,2018-09-10T06:53:13
1362,low,2018-09-10T04:12:21,2018-09-10T05:47:21
1842,low,2018-09-10T05:47:21,2018-09-10T06:25:21
905,low,2018-09-10T06:25:21,2018-09-10T06:30:21
697,high,2018-09-10T06:08:19,2018-09-10T06:42:19
1855,low,2018-09-10T06:30:21,2018-09-10T06:44:21
808,high,2018-09-10T06:42:19,2018-09-10T08:02:19
798,low,2018-09-10T06:44:21,2018-09-10T07:05:21
1814,low,2018-09-10T07:05:21,2018-09-10T08:27:21
1073,medium,2018-09-10T06:53:13,2018-09-10T08:06:13
1401,high,2018-09-10T08:02:19,2018-09-10T09:38:19
502,medium,2018-09-10T08:06:13,2018-09-10T08:28:13
893,low,2018-09-10T08:27:21,2018-09-10T10:03:21
1171,medium,2018-09-10T08:28:13,2018-09-10T10:06:13
1540,high,2018-09-10T09:38:19,2018-09-10T10:28:19
457,medium,2018-09-10T10:06:13,2018-09-10T10:41:13
1552,low,2018-09-10T10:03:21,2018-09-10T10:47:21
1784,high,2018-09-10T10:28:19,2018-09-10T11:49:19
221,medium,2018-09-10T10:41:13,2018-09-10T11:29:13
1905,medium,2018-09-10T11:29:13,2018-09-10T13:02:13
1075,low,2018-09-10T10:47:21,2018-09-10T12:47:21
1663,high,2018-09-10T11:49:19,2018-09-10T13:46:19
1120,medium,2018-09-10T13:02:13,2018-09-10T14:18:13
1054,low,2018-09-10T12:47:21,2018-09-10T14:37:21
1379,high,2018-09-10T13:46:19,2018-09-10T15:07:19
1364,medium,2018-09-10T14:18:13,2018-09-10T14:48:13
1598,low,2018-09-10T14:37:21,2018-09-10T15:49:21
1641,medium,2018-09-10T14:48:13,2018-09-10T15:40:13
1037,high,2018-09-10T15:07:19,2018-09-10T16:06:19
1571,medium,2018-09-10T15:40:13,2018-09-10T17:02:13
1130,low,2018-09-10T15:49:21,2018-09-10T17:33:21
858,high,2018-09-10T16:06:19,2018-09-10T17:03:19
1527,medium,2018-09-10T17:02:13,2018-09-10T18:28:13
1940,high,2018-09-10T17:03:19,2018-09-10T18:44:19
1361,medium,2018-09-10T18:28:13,2018-09-10T18:52:13
45,high,2018-09-10T18:44:19,2018-09-10T20:32:19
1510,low,2018-09-10T17:33:21,2018-09-10T19:07:21
365,medium,2018-09-10T18:52:13,2018-09-10T19:53:13
1623,low,2018-09-10T19:07:21,2018-09-10T20:57:21
1844,medium,2018-09-10T19:53:13,2018-09-10T20:00:13
733,medium,2018-09-10T20:00:13,2018-09-10T21:00:13
1038,high,2018-09-10T20:32:19,2018-09-10T21:14:19
1637,low,2018-09-10T20:57:21,2018-09-10T21:45:21
1228,medium,2018-09-10T21:00:13,2018-09-10T21:19:13
1515,high,2018-09-10T21:14:19,2018-09-10T22:41:19
1499,low,2018-09-10T21:45:21,2018-09-10T21:51:21
156,high,2018-09-10T22:41:19,2018-09-11T00:12:19
732,low,2018-09-10T21:51:21,2018-09-10T23:04:21
1045,medium,2018-09-10T21:19:13,2018-09-10T21:34:13
300,medium,2018-09-10T21:34:13,2018-09-10T23:04:13
506,medium,2018-09-10T23:04:13,2018-09-10T23:48:13
509,medium,2018-09-10T23:48:13,2018-09-11T01:15:13
407,high,2018-09-11T00:12:19,2018-09-11T02:07:19
868,low,2018-09-10T23:04:21,2018-09-10T23:50:21
1376,medium,2018-09-11T01:15:13,2018-09-11T02:38:13
1756,low,2018-09-10T23:50:21,2018-09-11T01:40:21
1956,low,2018-09-11T01:40:21,2018-09-11T03:26:21
116,high,2018-09-11T02:07:19,2018-09-11T03:14:19
1730,medium,2018-09-11T02:38:13,2018-09-11T04:37:13
1938,high,2018-09-11T03:14:19,2018-09-11T05:09:19
366,medium,2018-09-11T04:37:13,2018-09-11T06:22:13
1002,low,2018-09-11T03:26:21,2018-09-11T03:54:21
1868,low,2018-09-11T03:54:21,2018-09-11T04:32:21
1331,low,2018-09-11T04:32:21,2018-09-11T06:09:21
1553,high,2018-09-11T05:09:19,2018-09-11T06:51:19
466,medium,2018-09-11T06:22:13,2018-09-11T07:15:13
831,low,2018-09-11T06:09:21,2018-09-11T07:47:21
1240,high,2018-09-11T06:51:19,2018-09-11T07:29:19
1696,medium,2018-09-11T07:15:13,2018-09-11T07:55:13
1247,high,2018-09-11T07:29:19,2018-09-11T07:40:19
138,high,2018-09-11T07:40:19,2018-09-11T09:11:19
265,medium,2018-09-11T07:55:13,2018-09-11T09:34:13
244,high,2018-09-11T09:11:19,2018-09-11T09:46:19
527,medium,2018-09-11T09:34:13,2018-09-11T10:40:13
1625,low,2018-09-11T07:47:21,2018-09-11T08:16:21
685,high,2018-09-11T09:46:19,2018-09-11T11:20:19
486,medium,2018-09-11T10:40:13,2018-09-11T11:34:13
1227,low,2018-09-11T08:16:21,2018-09-11T09:48:21
1884,low,2018-09-11T09:48:21,2018-09-11T11:13:21
1810,low,2018-09-11T11:13:21,2018-09-11T12:45:21
1397,high,2018-09-11T11:20:19,2018-09-11T13:08:19
1348,medium,2018-09-11T11:34:13,2018-09-11T12:55:13
238,medium,2018-09-11T12:55:13,2018-09-11T13:54:13
817,low,2018-09-11T12:45:21,2018-09-11T13:04:21
285,high,2018-09-11T13:08:19,2018-09-11T14:24:19
1360,low,2018-09-11T13:04:21,2018-09-11T13:53:21
288,medium,2018-09-11T13:54:13,2018-09-11T15:20:13
1198,low,2018-09-11T13:53:21,2018-09-11T14:10:21
1716,low,2018-09-11T14:10:21,2018-09-11T15:41:21
554,high,2018-09-11T14:24:19,2018-09-11T15:06:19
1740,high,2018-09-11T15:06:19,2018-09-11T16:27:19
504,medium,2018-09-11T15:20:13,2018-09-11T16:11:13
1273,low,2018-09-11T15:41:21,2018-09-11T16:35:21
1301,medium,2018-09-11T16:11:13,2018-09-11T16:36:13
59,high,2018-09-11T16:27:19,2018-09-11T17:30:19
611,medium,2018-09-11T16:36:13,2018-09-11T18:04:13
737,low,2018-09-11T16:35:21,2018-09-11T17:07:21
1421,low,2018-09-11T17:07:21,2018-09-11T18:12:21
1211,high,2018-09-11T17:30:19,2018-09-11T18:51:19
1165,low,2018-09-11T18:12:21,2018-09-11T18:48:21
1890,medium,2018-09-11T18:04:13,2018-09-11T19:51:13
488,high,2018-09-11T18:51:19,2018-09-11T19:47:19
1382,low,2018-09-11T18:48:21,2018-09-11T20:19:21
1907,high,2018-09-11T19:47:19,2018-09-11T20:31:19
1783,medium,2018-09-11T19:51:13,2018-09-11T20:16:13
1512,medium,2018-09-11T20:16:13,2018-09-11T21:13:13
1644,low,2018-09-11T20:19:21,2018-09-11T20:20:21
601,high,2018-09-11T20:31:19,2018-09-11T22:10:19
369,medium,2018-09-11T21:13:13,2018-09-11T21:24:13
1251,low,2018-09-11T20:20:21,2018-09-11T21:19:21
1349,low,2018-09-11T21:19:21,2018-09-11T21:31:21
382,medium,2018-09-11T21:24:13,2018-09-11T21:43:13
208,medium,2018-09-11T21:43:13,2018-09-11T23:40:13
564,high,2018-09-11T22:10:19,2018-09-11T23:52:19
1159,low,2018-09-11T21:31:21,2018-09-11T23:15:21
1017,low,2018-09-11T23:15:21,2018-09-12T00:42:21
1735,medium,2018-09-11T23:40:13,2018-09-11T23:51:13
591,medium,2018-09-11T23:51:13,2018-09-12T00:36:13
1750,high,2018-09-11T23:52:19,2018-09-12T00:12:19
1786,high,2018-09-12T00:12:19,2018-09-12T01:59:19
916,medium,2018-09-12T00:36:13,2018-09-12T01:34:13
970,medium,2018-09-12T01:34:13,2018-09-12T03:05:13
1396,low,2018-09-12T00:42:21,2018-09-12T02:21:21
96,high,2018-09-12T01:59:19,2018-09-12T03:20:19
5,high,2018-09-12T03:20:19,2018-09-12T04:05:19
1848,low,2018-09-12T02:21:21,2018-09-12T02:22:21
117,high,2018-09-12T04:05:19,2018-09-12T04:55:19
1628,low,2018-09-12T02:22:21,2018-09-12T04:01:21
652,medium,2018-09-12T03:05:13,2018-09-12T04:42:13
511,high,2018-09-12T04:55:19,2018-09-12T05:01:19
465,medium,2018-09-12T04:42:13,2018-09-12T06:15:13
1795,low,2018-09-12T04:01:21,2018-09-12T05:39:21
323,high,2018-09-12T05:01:19,2018-09-12T06:08:19
1456,high,2018-09-12T06:08:19,2018-09-12T06:55:19
395,medium,2018-09-12T06:15:13,2018-09-12T08:07:13
788,low,2018-09-12T05:39:21,2018-09-12T05:45:21
1105,low,2018-09-12T05:45:21,2018-09-12T07:34:21
1789,low,2018-09-12T07:34:21,2018-09-12T07:51:21
1983,high,2018-09-12T06:55:19,2018-09-12T07:59:19
522,high,2018-09-12T07:59:19,2018-09-12T08:41:19
1060,low,2018-09-12T07:51:21,2018-09-12T08:47:21
939,medium,2018-09-12T08:07:13,2018-09-12T08:25:13
1111,medium,2018-09-12T08:25:13,2018-09-12T09:36:13
52,high,2018-09-12T08:41:19,2018-09-12T09:04:19
517,high,2018-09-12T09:04:19,2018-09-12T09:24:19
294,high,2018-09-12T09:24:19,2018-09-12T10:15:19
598,high,2018-09-12T10:15:19,2018-09-12T10:28:19
1509,medium,2018-09-12T09:36:13,2018-09-12T11:21:13
1857,low,2018-09-12T08:47:21,2018-09-12T10:42:21
316,high,2018-09-12T10:28:19,2018-09-12T12:15:19
1235,low,2018-09-12T10:42:21,2018-09-12T11:12:21
923,low,2018-09-12T11:12:21,2018-09-12T12:44:21
1329,medium,2018-09-12T11:21:13,2018-09-12T11:57:13
1030,medium,2018-09-12T11:57:13,2018-09-12T12:14:13
1263,medium,2018-09-12T12:14:13,2018-09-12T13:42:13
951,low,2018-09-12T12:44:21,2018-09-12T13:24:21
1519,high,2018-09-12T12:15:19,2018-09-12T12:38:19
597,high,2018-09-12T12:38:19,2018-09-12T14:23:19
423,medium,2018-09-12T13:42:13,2018-09-12T14:22:13
154,high,2018-09-12T14:23:19,2018-09-12T14:38:19
1549,medium,2018-09-12T14:22:13,2018-09-12T15:19:13
1294,low,2018-09-12T13:24:21,2018-09-12T15:17:21
934,high,2018-09-12T14:38:19,2018-09-12T14:43:19
1695,high,2018-09-12T14:43:19,2018-09-12T15:52:19
1395,low,2018-09-12T15:17:21,2018-09-12T16:46:21
656,medium,2018-09-12T15:19:13,2018-09-12T17:07:13
722,high,2018-09-12T15:52:19,2018-09-12T16:50:19
1505,low,2018-09-12T16:46:21,2018-09-12T18:14:21
1869,high,2018-09-12T16:50:19,2018-09-12T18:44:19
280,medium,2018-09-12T17:07:13,2018-09-12T18:35:13
1849,low,2018-09-12T18:14:21,2018-09-12T18:21:21
1162,low,2018-09-12T18:21:21,2018-09-12T18:46:21
274,medium,2018-09-12T18:35:13,2018-09-12T19:35:13
83,high,2018-09-12T18:44:19,2018-09-12T19:58:19
1840,medium,2018-09-12T19:35:13,2018-09-12T20:51:13
1798,low,2018-09-12T18:46:21,2018-09-12T20:38:21
1232,high,2018-09-12T19:58:19,2018-09-12T21:32:19
1922,low,2018-09-12T20:38:21,2018-09-12T21:03:21
122,high,2018-09-12T21:32:19,2018-09-12T21:47:19
1357,low,2018-09-12T21:03:21,2018-09-12T21:08:21
717,low,2018-09-12T21:08:21,2018-09-12T21:26:21
1168,low,2018-09-12T21:26:21,2018-09-12T21:33:21
1260,medium,2018-09-12T20:51:13,2018-09-12T21:24:13
1100,medium,2018-09-12T21:24:13,2018-09-12T21:42:13
1939,low,2018-09-12T21:33:21,2018-09-12T21:49:21
909,medium,2018-09-12T21:42:13,2018-09-12T21:57:13
14,high,2018-09-12T21:47:19,2018-09-12T21:54:19
640,high,2018-09-12T21:54:19,2018-09-12T23:09:19
464,medium,2018-09-12T21:57:13,2018-09-12T23:09:13
1025,low,2018-09-12T21:49:21,2018-09-12T22:47:21
552,medium,2018-09-12T23:09:13,2018-09-12T23:46:13
1920,low,2018-09-12T22:47:21,2018-09-12T23:11:21
986,low,2018-09-12T23:11:21,2018-09-13T00:15:21
1533,medium,2018-09-12T23:46:13,2018-09-13T01:11:13
1181,high,2018-09-12T23:09:19,2018-09-13T00:51:19
1516,low,2018-09-13T00:15:21,2018-09-13T00:35:21
1332,low,2018-09-13T00:35:21,2018-09-13T01:42:21
872,high,2018-09-13T00:51:19,2018-09-13T02:39:19
557,high,2018-09-13T02:39:19,2018-09-13T04:00:19
282,medium,2018-09-13T01:11:13,2018-09-13T02:54:13
1613,medium,2018-09-13T02:54:13,2018-09-13T03:06:13
1158,medium,2018-09-13T03:06:13,2018-09-13T04:25:13
70,high,2018-09-13T04:00:19,2018-09-13T05:46:19
690,medium,2018-09-13T04:25:13,2018-09-13T05:19:13
1041,low,2018-09-13T01:42:21,2018-09-13T02:16:21
1674,low,2018-09-13T02:16:21,2018-09-13T03:26:21
917,low,2018-09-13T03:26:21,2018-09-13T04:39:21
1511,low,2018-09-13T04:39:21,2018-09-13T06:25:21
1746,medium,2018-09-13T05:19:13,2018-09-13T06:35:13
1492,high,2018-09-13T05:46:19,2018-09-13T06:49:19
458,medium,2018-09-13T06:35:13,2018-09-13T08:33:13
1262,low,2018-09-13T06:25:21,2018-09-13T06:54:21
1832,low,2018-09-13T06:54:21,2018-09-13T08:32:21
219,high,2018-09-13T06:49:19,2018-09-13T08:22:19
444,high,2018-09-13T08:22:19,2018-09-13T09:20:19
902,medium,2018-09-13T08:33:13,2018-09-13T08:55:13
1914,medium,2018-09-13T08:55:13,2018-09-13T10:02:13
15,high,2018-09-13T09:20:19,2018-09-13T10:35:19
79,high,2018-09-13T10:35:19,2018-09-13T12:35:19
1797,low,2018-09-13T08:32:21,2018-09-13T09:53:21
1124,low,2018-09-13T09:53:21,2018-09-13T10:29:21
1000,low,2018-09-13T10:29:21,2018-09-13T11:39:21
1870,low,2018-09-13T11:39:21,2018-09-13T11:52:21
1250,low,2018-09-13T11:52:21,2018-09-13T12:55:21
1875,medium,2018-09-13T10:02:13,2018-09-13T11:51:13
383,medium,2018-09-13T11:51:13,2018-09-13T12:12:13
425,medium,2018-09-13T12:12:13,2018-09-13T14:04:13
963,low,2018-09-13T12:55:21,2018-09-13T13:49:21
1024,high,2018-09-13T12:35:19,2018-09-13T14:26:19
674,medium,2018-09-13T14:04:13,2018-09-13T14:51:13
960,low,2018-09-13T13:49:21,2018-09-13T13:57:21
773,low,2018-09-13T13:57:21,2018-09-13T14:05:21
655,high,2018-09-13T14:26:19,2018-09-13T14:51:19
880,low,2018-09-13T14:05:21,2018-09-13T14:39:21
1723,low,2018-09-13T14:39:21,2018-09-13T14:55:21
1941,medium,2018-09-13T14:51:13,2018-09-13T15:10:13
1851,low,2018-09-13T14:55:21,2018-09-13T15:04:21
1977,high,2018-09-13T14:51:19,2018-09-13T15:42:19
1136,medium,2018-09-13T15:10:13,2018-09-13T15:34:13
1189,low,2018-09-13T15:04:21,2018-09-13T16:28:21
1128,medium,2018-09-13T15:34:13,2018-09-13T16:24:13
1975,high,2018-09-13T15:42:19,2018-09-13T17:00:19
653,medium,2018-09-13T16:24:13,2018-09-13T17:50:13
29,high,2018-09-13T17:00:19,2018-09-13T18:53:19
433,medium,2018-09-13T17:50:13,2018-09-13T18:50:13
200,high,2018-09-13T18:53:19,2018-09-13T19:35:19
630,medium,2018-09-13T18:50:13,2018-09-13T20:41:13
567,high,2018-09-13T19:35:19,2018-09-13T21:04:19
761,low,2018-09-13T16:28:21,2018-09-13T16:43:21
550,medium,2018-09-13T20:41:13,2018-09-13T21:17:13
333,medium,2018-09-13T21:17:13,2018-09-13T21:22:13
1347,low,2018-09-13T16:43:21,2018-09-13T18:41:21
1616,low,2018-09-13T18:41:21,2018-09-13T20:33:21
318,high,2018-09-13T21:04:19,2018-09-13T21:49:19
259,medium,2018-09-13T21:22:13,2018-09-13T23:19:13
556,high,2018-09-13T21:49:19,2018-09-13T22:49:19
852,low,2018-09-13T20:33:21,2018-09-13T20:49:21
1011,low,2018-09-13T20:49:21,2018-09-13T21:24:21
84,high,2018-09-13T22:49:19,2018-09-14T00:41:19
157,high,2018-09-14T00:41:19,2018-09-14T01:01:19
815,low,2018-09-13T21:24:21,2018-09-13T21:52:21
331,medium,2018-09-13T23:19:13,2018-09-13T23:48:13
1683,low,2018-09-13T21:52:21,2018-09-13T23:14:21
1283,low,2018-09-13T23:14:21,2018-09-13T23:20:21
356,medium,2018-09-13T23:48:13,2018-09-14T01:24:13
1003,low,2018-09-13T23:20:21,2018-09-14T00:43:21
55,high,2018-09-14T01:01:19,2018-09-14T01:13:19
179,high,2018-09-14T01:13:19,2018-09-14T01:16:19
549,high,2018-09-14T01:16:19,2018-09-14T01:52:19
1265,low,2018-09-14T00:43:21,2018-09-14T02:37:21
1919,high,2018-09-14T01:52:19,2018-09-14T03:07:19
297,medium,2018-09-14T01:24:13,2018-09-14T02:26:13
1986,medium,2018-09-14T02:26:13,2018-09-14T03:10:13
832,low,2018-09-14T02:37:21,2018-09-14T03:40:21
1813,high,2018-09-14T03:07:19,2018-09-14T04:36:19
1217,medium,2018-09-14T03:10:13,2018-09-14T05:02:13
767,low,2018-09-14T03:40:21,2018-09-14T05:09:21
1501,medium,2018-09-14T05:02:13,2018-09-14T05:04:13
1280,high,2018-09-14T04:36:19,2018-09-14T05:25:19
1882,medium,2018-09-14T05:04:13,2018-09-14T07:03:13
726,low,2018-09-14T05:09:21,2018-09-14T06:18:21
571,high,2018-09-14T05:25:19,2018-09-14T07:11:19
1691,low,2018-09-14T06:18:21,2018-09-14T06:56:21
811,low,2018-09-14T06:56:21,2018-09-14T07:12:21
1424,medium,2018-09-14T07:03:13,2018-09-14T08:15:13
256,high,2018-09-14T07:11:19,2018-09-14T07:41:19
448,high,2018-09-14T07:41:19,2018-09-14T09:11:19
1325,low,2018-09-14T07:12:21,2018-09-14T07:37:21
1556,low,2018-09-14T07:37:21,2018-09-14T07:41:21
900,low,2018-09-14T07:41:21,2018-09-14T09:12:21
58,high,2018-09-14T09:11:19,2018-09-14T09:24:19
1255,medium,2018-09-14T08:15:13,2018-09-14T09:03:13
997,low,2018-09-14T09:12:21,2018-09-14T10:13:21
90,high,2018-09-14T09:24:19,2018-09-14T11:07:19
1233,low,2018-09-14T10:13:21,2018-09-14T11:53:21
1624,medium,2018-09-14T09:03:13,2018-09-14T10:26:13
1178,medium,2018-09-14T10:26:13,2018-09-14T11:24:13
1694,high,2018-09-14T11:07:19,2018-09-14T12:58:19
162,high,2018-09-14T12:58:19,2018-09-14T14:16:19
1732,low,2018-09-14T11:53:21,2018-09-14T13:26:21
1219,low,2018-09-14T13:26:21,2018-09-14T13:51:21
453,medium,2018-09-14T11:24:13,2018-09-14T12:58:13
706,medium,2018-09-14T12:58:13,2018-09-14T13:49:13
456,medium,2018-09-14T13:49:13,2018-09-14T14:07:13
155,high,2018-09-14T14:16:19,2018-09-14T14:39:19
1910,low,2018-09-14T13:51:21,2018-09-14T15:49:21
418,medium,2018-09-14T14:07:13,2018-09-14T14:17:13
39,high,2018-09-14T14:39:19,2018-09-14T16:38:19
1468,low,2018-09-14T15:49:21,2018-09-14T16:48:21
34,high,2018-09-14T16:38:19,2018-09-14T17:15:19
1592,low,2018-09-14T16:48:21,2018-09-14T18:01:21
620,medium,2018-09-14T14:17:13,2018-09-14T15:54:13
687,medium,2018-09-14T15:54:13,2018-09-14T16:29:13
442,medium,2018-09-14T16:29:13,2018-09-14T16:46:13
1937,medium,2018-09-14T16:46:13,2018-09-14T17:03:13
41,high,2018-09-14T17:15:19,2018-09-14T17:53:19
1422,high,2018-09-14T17:53:19,2018-09-14T19:07:19
1752,low,2018-09-14T18:01:21,2018-09-14T19:57:21
1475,medium,2018-09-14T17:03:13,2018-09-14T18:51:13
1747,medium,2018-09-14T18:51:13,2018-09-14T19:29:13
76,high,2018-09-14T19:07:19,2018-09-14T20:50:19
1676,medium,2018-09-14T19:29:13,2018-09-14T20:24:13
1270,low,2018-09-14T19:57:21,2018-09-14T21:43:21
747,medium,2018-09-14T20:24:13,2018-09-14T21:34:13
216,high,2018-09-14T20:50:19,2018-09-14T22:17:19
551,medium,2018-09-14T21:34:13,2018-09-14T23:09:13
1206,low,2018-09-14T21:43:21,2018-09-14T23:14:21
1555,high,2018-09-14T22:17:19,2018-09-14T23:17:19
1403,medium,2018-09-14T23:09:13,2018-09-15T00:00:13
526,high,2018-09-14T23:17:19,2018-09-15T00:17:19
1560,low,2018-09-14T23:14:21,2018-09-14T23:52:21
398,medium,2018-09-15T00:00:13,2018-09-15T01:02:13
493,high,2018-09-15T00:17:19,2018-09-15T00:23:19
1997,low,2018-09-14T23:52:21,2018-09-15T00:19:21
1877,medium,2018-09-15T01:02:13,2018-09-15T02:20:13
324,high,2018-09-15T00:23:19,2018-09-15T02:22:19
64,high,2018-09-15T02:22:19,2018-09-15T03:51:19
668,medium,2018-09-15T02:20:13,2018-09-15T04:02:13
1287,low,2018-09-15T00:19:21,2018-09-15T01:54:21
1394,low,2018-09-15T01:54:21,2018-09-15T02:44:21
1803,low,2018-09-15T02:44:21,2018-09-15T04:00:21
499,medium,2018-09-15T04:02:13,2018-09-15T05:07:13
82,high,2018-09-15T03:51:19,2018-09-15T05:47:19
1838,low,2018-09-15T04:00:21,2018-09-15T05:33:21
115,high,2018-09-15T05:47:19,2018-09-15T05:50:19
363,medium,2018-09-15T05:07:13,2018-09-15T06:55:13
277,high,2018-09-15T05:50:19,2018-09-15T06:19:19
409,high,2018-09-15T06:19:19,2018-09-15T06:23:19
1630,low,2018-09-15T05:33:21,2018-09-15T07:09:21
1962,high,2018-09-15T06:23:19,2018-09-15T08:00:19
589,medium,2018-09-15T06:55:13,2018-09-15T08:48:13
1692,low,2018-09-15T07:09:21,2018-09-15T07:14:21
1794,low,2018-09-15T07:14:21,2018-09-15T08:42:21
503,high,2018-09-15T08:00:19,2018-09-15T08:47:19
1710,low,2018-09-15T08:42:21,2018-09-15T10:02:21
13,high,2018-09-15T08:47:19,2018-09-15T10:25:19
573,medium,2018-09-15T08:48:13,2018-09-15T09:15:13
1036,low,2018-09-15T10:02:21,2018-09-15T10:22:21
1961,low,2018-09-15T10:22:21,2018-09-15T11:15:21
748,medium,2018-09-15T09:15:13,2018-09-15T10:38:13
468,high,2018-09-15T10:25:19,2018-09-15T11:36:19
1454,low,2018-09-15T11:15:21,2018-09-15T11:20:21
1431,medium,2018-09-15T10:38:13,2018-09-15T11:14:13
309,medium,2018-09-15T11:14:13,2018-09-15T12:39:13
721,low,2018-09-15T11:20:21,2018-09-15T13:20:21
1660,high,2018-09-15T11:36:19,2018-09-15T13:27:19
1117,low,2018-09-15T13:20:21,2018-09-15T13:50:21
1984,medium,2018-09-15T12:39:13,2018-09-15T14:29:13
736,high,2018-09-15T13:27:19,2018-09-15T14:17:19
766,low,2018-09-15T13:50:21,2018-09-15T14:45:21
482,high,2018-09-15T14:17:19,2018-09-15T14:42:19
1942,medium,2018-09-15T14:29:13,2018-09-15T15:25:13
977,high,2018-09-15T14:42:19,2018-09-15T16:17:19
450,medium,2018-09-15T15:25:13,2018-09-15T15:59:13
1190,low,2018-09-15T14:45:21,2018-09-15T14:52:21
686,high,2018-09-15T16:17:19,2018-09-15T16:38:19
249,medium,2018-09-15T15:59:13,2018-09-15T17:29:13
1451,low,2018-09-15T14:52:21,2018-09-15T15:50:21
950,low,2018-09-15T15:50:21,2018-09-15T16:18:21
43,high,2018-09-15T16:38:19,2018-09-15T17:29:19
1759,low,2018-09-15T16:18:21,2018-09-15T18:06:21
1453,medium,2018-09-15T17:29:13,2018-09-15T18:08:13
530,high,2018-09-15T17:29:19,2018-09-15T18:50:19
661,medium,2018-09-15T18:08:13,2018-09-15T18:43:13
103,high,2018-09-15T18:50:19,2018-09-15T19:20:19
9,high,2018-09-15T19:20:19,2018-09-15T19:45:19
1226,low,2018-09-15T18:06:21,2018-09-15T18:39:21
1805,medium,2018-09-15T18:43:13,2018-09-15T19:58:13
1387,low,2018-09-15T18:39:21,2018-09-15T19:57:21
1631,high,2018-09-15T19:45:19,2018-09-15T20:45:19
1484,low,2018-09-15T19:57:21,2018-09-15T20:53:21
480,medium,2018-09-15T19:58:13,2018-09-15T21:06:13
1545,low,2018-09-15T20:53:21,2018-09-15T20:54:21
1771,high,2018-09-15T20:45:19,2018-09-15T22:18:19
1529,low,2018-09-15T20:54:21,2018-09-15T21:50:21
1921,medium,2018-09-15T21:06:13,2018-09-15T21:24:13
927,low,2018-09-15T21:50:21,2018-09-15T23:20:21
329,medium,2018-09-15T21:24:13,2018-09-15T22:51:13
1702,high,2018-09-15T22:18:19,2018-09-16T00:01:19
779,low,2018-09-15T23:20:21,2018-09-16T01:01:21
1664,medium,2018-09-15T22:51:13,2018-09-16T00:25:13
1632,high,2018-09-16T00:01:19,2018-09-16T01:44:19
942,low,2018-09-16T01:01:21,2018-09-16T01:34:21
1902,medium,2018-09-16T00:25:13,2018-09-16T00:58:13
584,medium,2018-09-16T00:58:13,2018-09-16T02:07:13
129,high,2018-09-16T01:44:19,2018-09-16T03:07:19
410,medium,2018-09-16T02:07:13,2018-09-16T02:32:13
727,low,2018-09-16T01:34:21,2018-09-16T01:52:21
1497,low,2018-09-16T01:52:21,2018-09-16T03:11:21
1514,medium,2018-09-16T02:32:13,2018-09-16T02:49:13
1285,medium,2018-09-16T02:49:13,2018-09-16T03:24:13
1096,medium,2018-09-16T03:24:13,2018-09-16T03:26:13
1801,medium,2018-09-16T03:26:13,2018-09-16T03:30:13
702,high,2018-09-16T03:07:19,2018-09-16T04:51:19
271,medium,2018-09-16T03:30:13,2018-09-16T05:10:13
642,high,2018-09-16T04:51:19,2018-09-16T05:32:19
449,medium,2018-09-16T05:10:13,2018-09-16T06:08:13
538,high,2018-09-16T05:32:19,2018-09-16T06:21:19
1432,medium,2018-09-16T06:08:13,2018-09-16T07:28:13
1963,low,2018-09-16T03:11:21,2018-09-16T04:26:21
1144,low,2018-09-16T04:26:21,2018-09-16T06:05:21
1448,low,2018-09-16T06:05:21,2018-09-16T07:21:21
459,high,2018-09-16T06:21:19,2018-09-16T06:22:19
387,high,2018-09-16T06:22:19,2018-09-16T07:45:19
1082,low,2018-09-16T07:21:21,2018-09-16T08:52:21
1833,medium,2018-09-16T07:28:13,2018-09-16T09:25:13
1739,high,2018-09-16T07:45:19,2018-09-16T08:33:19
234,high,2018-09-16T08:33:19,2018-09-16T10:33:19
359,medium,2018-09-16T09:25:13,2018-09-16T10:00:13
1829,low,2018-09-16T08:52:21,2018-09-16T09:50:21
224,medium,2018-09-16T10:00:13,2018-09-16T10:17:13
153,high,2018-09-16T10:33:19,2018-09-16T11:13:19
532,medium,2018-09-16T10:17:13,2018-09-16T11:28:13
1867,low,2018-09-16T09:50:21,2018-09-16T09:59:21
1391,high,2018-09-16T11:13:19,2018-09-16T11:47:19
1981,medium,2018-09-16T11:28:13,2018-09-16T12:35:13
844,low,2018-09-16T09:59:21,2018-09-16T11:52:21
236,high,2018-09-16T11:47:19,2018-09-16T12:23:19
171,high,2018-09-16T12:23:19,2018-09-16T13:06:19
1837,low,2018-09-16T11:52:21,2018-09-16T13:16:21
953,medium,2018-09-16T12:35:13,2018-09-16T13:23:13
1873,low,2018-09-16T13:16:21,2018-09-16T14:22:21
1760,medium,2018-09-16T13:23:13,2018-09-16T14:57:13
1423,high,2018-09-16T13:06:19,2018-09-16T14:11:19
1898,high,2018-09-16T14:11:19,2018-09-16T15:57:19
1634,low,2018-09-16T14:22:21,2018-09-16T15:34:21
1118,medium,2018-09-16T14:57:13,2018-09-16T16:54:13
1566,low,2018-09-16T15:34:21,2018-09-16T17:30:21
1985,high,2018-09-16T15:57:19,2018-09-16T17:42:19
1249,medium,2018-09-16T16:54:13,2018-09-16T17:10:13
1338,medium,2018-09-16T17:10:13,2018-09-16T18:36:13
1384,low,2018-09-16T17:30:21,2018-09-16T18:05:21
1085,high,2018-09-16T17:42:19,2018-09-16T18:57:19
446,medium,2018-09-16T18:36:13,2018-09-16T19:49:13
1203,low,2018-09-16T18:05:21,2018-09-16T18:21:21
344,high,2018-09-16T18:57:19,2018-09-16T19:48:19
675,high,2018-09-16T19:48:19,2018-09-16T20:35:19
301,medium,2018-09-16T19:49:13,2018-09-16T21:42:13
411,high,2018-09-16T20:35:19,2018-09-16T21:31:19
1351,low,2018-09-16T18:21:21,2018-09-16T18:49:21
1381,low,2018-09-16T18:49:21,2018-09-16T20:46:21
1405,low,2018-09-16T20:46:21,2018-09-16T22:17:21
267,medium,2018-09-16T21:42:13,2018-09-16T21:55:13
304,high,2018-09-16T21:31:19,2018-09-16T23:10:19
1411,medium,2018-09-16T21:55:13,2018-09-16T23:42:13
1302,low,2018-09-16T22:17:21,2018-09-16T22:35:21
925,low,2018-09-16T22:35:21,2018-09-16T23:23:21
1291,low,2018-09-16T23:23:21,2018-09-16T23:36:21
146,high,2018-09-16T23:10:19,2018-09-17T00:39:19
475,medium,2018-09-16T23:42:13,2018-09-17T01:38:13
1654,low,2018-09-16T23:36:21,2018-09-16T23:41:21
441,high,2018-09-17T00:39:19,2018-09-17T00:54:19
1781,low,2018-09-16T23:41:21,2018-09-17T01:21:21
1370,high,2018-09-17T00:54:19,2018-09-17T01:20:19
864,high,2018-09-17T01:20:19,2018-09-17T02:12:19
604,medium,2018-09-17T01:38:13,2018-09-17T02:17:13
1614,low,2018-09-17T01:21:21,2018-09-17T03:01:21
1998,medium,2018-09-17T02:17:13,2018-09-17T02:44:13
945,high,2018-09-17T02:12:19,2018-09-17T03:19:19
1043,medium,2018-09-17T02:44:13,2018-09-17T03:49:13
1346,low,2018-09-17T03:01:21,2018-09-17T03:52:21
1016,high,2018-09-17T03:19:19,2018-09-17T04:18:19
1089,high,2018-09-17T04:18:19,2018-09-17T04:30:19
1371,medium,2018-09-17T03:49:13,2018-09-17T05:45:13
625,high,2018-09-17T04:30:19,2018-09-17T06:18:19
1113,low,2018-09-17T03:52:21,2018-09-17T04:37:21
1429,low,2018-09-17T04:37:21,2018-09-17T05:53:21
712,low,2018-09-17T05:53:21,2018-09-17T06:03:21
427,medium,2018-09-17T05:45:13,2018-09-17T06:25:13
1865,low,2018-09-17T06:03:21,2018-09-17T06:54:21
1378,medium,2018-09-17T06:25:13,2018-09-17T06:47:13
1077,low,2018-09-17T06:54:21,2018-09-17T06:55:21
1095,high,2018-09-17T06:18:19,2018-09-17T08:16:19
278,medium,2018-09-17T06:47:13,2018-09-17T08:00:13
830,low,2018-09-17T06:55:21,2018-09-17T07:35:21
1004,low,2018-09-17T07:35:21,2018-09-17T08:19:21
51,high,2018-09-17T08:16:19,2018-09-17T08:48:19
1974,medium,2018-09-17T08:00:13,2018-09-17T09:30:13
1526,low,2018-09-17T08:19:21,2018-09-17T08:58:21
1518,high,2018-09-17T08:48:19,2018-09-17T09:52:19
757,low,2018-09-17T08:58:21,2018-09-17T09:42:21
984,low,2018-09-17T09:42:21,2018-09-17T09:45:21
1548,medium,2018-09-17T09:30:13,2018-09-17T11:05:13
887,low,2018-09-17T09:45:21,2018-09-17T11:33:21
1238,high,2018-09-17T09:52:19,2018-09-17T10:32:19
1495,high,2018-09-17T10:32:19,2018-09-17T11:28:19
739,high,2018-09-17T11:28:19,2018-09-17T12:16:19
320,medium,2018-09-17T11:05:13,2018-09-17T12:51:13
419,high,2018-09-17T12:16:19,2018-09-17T12:42:19
1931,low,2018-09-17T11:33:21,2018-09-17T12:11:21
1841,low,2018-09-17T12:11:21,2018-09-17T13:55:21
965,medium,2018-09-17T12:51:13,2018-09-17T13:33:13
731,high,2018-09-17T12:42:19,2018-09-17T13:36:19
1373,medium,2018-09-17T13:33:13,2018-09-17T14:33:13
1491,high,2018-09-17T13:36:19,2018-09-17T14:23:19
1500,low,2018-09-17T13:55:21,2018-09-17T14:08:21
1305,low,2018-09-17T14:08:21,2018-09-17T15:51:21
305,high,2018-09-17T14:23:19,2018-09-17T16:19:19
1678,low,2018-09-17T15:51:21,2018-09-17T16:12:21
983,medium,2018-09-17T14:33:13,2018-09-17T14:51:13
1776,medium,2018-09-17T14:51:13,2018-09-17T15:57:13
1145,medium,2018-09-17T15:57:13,2018-09-17T16:18:13
1055,medium,2018-09-17T16:18:13,2018-09-17T16:31:13
91,high,2018-09-17T16:19:19,2018-09-17T18:03:19
967,low,2018-09-17T16:12:21,2018-09-17T16:55:21
1982,low,2018-09-17T16:55:21,2018-09-17T18:00:21
871,medium,2018-09-17T16:31:13,2018-09-17T17:05:13
1679,medium,2018-09-17T17:05:13,2018-09-17T17:23:13
1741,medium,2018-09-17T17:23:13,2018-09-17T17:39:13
1661,medium,2018-09-17T17:39:13,2018-09-17T19:00:13
1987,low,2018-09-17T18:00:21,2018-09-17T19:24:21
650,high,2018-09-17T18:03:19,2018-09-17T18:45:19
1013,medium,2018-09-17T19:00:13,2018-09-17T19:10:13
1390,high,2018-09-17T18:45:19,2018-09-17T19:08:19
1367,high,2018-09-17T19:08:19,2018-09-17T19:38:19
926,medium,2018-09-17T19:10:13,2018-09-17T20:43:13
877,low,2018-09-17T19:24:21,2018-09-17T19:59:21
507,high,2018-09-17T19:38:19,2018-09-17T21:04:19
768,high,2018-09-17T21:04:19,2018-09-17T21:41:19
1671,medium,2018-09-17T20:43:13,2018-09-17T22:33:13
910,low,2018-09-17T19:59:21,2018-09-17T21:45:21
1442,high,2018-09-17T21:41:19,2018-09-17T22:36:19
1114,low,2018-09-17T21:45:21,2018-09-17T22:27:21
851,low,2018-09-17T22:27:21,2018-09-17T23:36:21
1175,medium,2018-09-17T22:33:13,2018-09-18T00:20:13
1412,low,2018-09-17T23:36:21,2018-09-18T00:06:21
754,high,2018-09-17T22:36:19,2018-09-17T23:50:19
539,high,2018-09-17T23:50:19,2018-09-18T01:06:19
1562,low,2018-09-18T00:06:21,2018-09-18T01:46:21
1066,medium,2018-09-18T00:20:13,2018-09-18T02:12:13
93,high,2018-09-18T01:06:19,2018-09-18T02:07:19
1350,low,2018-09-18T01:46:21,2018-09-18T02:34:21
1722,low,2018-09-18T02:34:21,2018-09-18T02:39:21
1300,high,2018-09-18T02:07:19,2018-09-18T04:00:19
255,medium,2018-09-18T02:12:13,2018-09-18T03:29:13
1738,low,2018-09-18T02:39:21,2018-09-18T04:26:21
254,medium,2018-09-18T03:29:13,2018-09-18T03:48:13
1601,high,2018-09-18T04:00:19,2018-09-18T04:31:19
881,medium,2018-09-18T03:48:13,2018-09-18T05:47:13
765,low,2018-09-18T04:26:21,2018-09-18T05:11:21
1670,low,2018-09-18T05:11:21,2018-09-18T05:31:21
1581,high,2018-09-18T04:31:19,2018-09-18T05:43:19
1049,low,2018-09-18T05:31:21,2018-09-18T06:08:21
932,medium,2018-09-18T05:47:13,2018-09-18T05:48:13
1046,medium,2018-09-18T05:48:13,2018-09-18T06:02:13
350,high,2018-09-18T05:43:19,2018-09-18T07:17:19
413,medium,2018-09-18T06:02:13,2018-09-18T07:18:13
241,high,2018-09-18T07:17:19,2018-09-18T08:23:19
437,medium,2018-09-18T07:18:13,2018-09-18T07:43:13
1029,low,2018-09-18T06:08:21,2018-09-18T07:57:21
1389,low,2018-09-18T07:57:21,2018-09-18T08:03:21
824,low,2018-09-18T08:03:21,2018-09-18T09:01:21
583,medium,2018-09-18T07:43:13,2018-09-18T09:38:13
659,high,2018-09-18T08:23:19,2018-09-18T08:58:19
1102,low,2018-09-18T09:01:21,2018-09-18T09:30:21
1883,high,2018-09-18T08:58:19,2018-09-18T09:35:19
1580,low,2018-09-18T09:30:21,2018-09-18T10:08:21
1561,medium,2018-09-18T09:38:13,2018-09-18T10:01:13
1881,medium,2018-09-18T10:01:13,2018-09-18T10:57:13
1787,high,2018-09-18T09:35:19,2018-09-18T10:54:19
19,high,2018-09-18T10:54:19,2018-09-18T12:09:19
21,high,2018-09-18T12:09:19,2018-09-18T13:59:19
1565,low,2018-09-18T10:08:21,2018-09-18T10:21:21
1143,low,2018-09-18T10:21:21,2018-09-18T11:13:21
1462,low,2018-09-18T11:13:21,2018-09-18T11:53:21
1995,low,2018-09-18T11:53:21,2018-09-18T12:54:21
35,high,2018-09-18T13:59:19,2018-09-18T14:04:19
404,high,2018-09-18T14:04:19,2018-09-18T15:17:19
477,medium,2018-09-18T10:57:13,2018-09-18T12:44:13
1007,low,2018-09-18T12:54:21,2018-09-18T14:00:21
1602,low,2018-09-18T14:00:21,2018-09-18T15:09:21
191,high,2018-09-18T15:17:19,2018-09-18T16:23:19
764,medium,2018-09-18T12:44:13,2018-09-18T14:06:13
1196,low,2018-09-18T15:09:21,2018-09-18T15:33:21
1643,low,2018-09-18T15:33:21,2018-09-18T16:28:21
1713,medium,2018-09-18T14:06:13,2018-09-18T15:16:13
1047,medium,2018-09-18T15:16:13,2018-09-18T16:56:13
1703,high,2018-09-18T16:23:19,2018-09-18T17:09:19
1685,low,2018-09-18T16:28:21,2018-09-18T17:18:21
183,high,2018-09-18T17:09:19,2018-09-18T17:38:19
1744,medium,2018-09-18T16:56:13,2018-09-18T18:20:13
217,high,2018-09-18T17:38:19,2018-09-18T18:33:19
212,medium,2018-09-18T18:20:13,2018-09-18T18:56:13
1006,low,2018-09-18T17:18:21,2018-09-18T18:30:21
1584,low,2018-09-18T18:30:21,2018-09-18T19:23:21
1012,medium,2018-09-18T18:56:13,2018-09-18T19:19:13
1946,high,2018-09-18T18:33:19,2018-09-18T19:26:19
1214,medium,2018-09-18T19:19:13,2018-09-18T20:55:13
1420,low,2018-09-18T19:23:21,2018-09-18T20:06:21
1825,high,2018-09-18T19:26:19,2018-09-18T21:05:19
1779,low,2018-09-18T20:06:21,2018-09-18T21:38:21
102,high,2018-09-18T21:05:19,2018-09-18T22:12:19
201,medium,2018-09-18T20:55:13,2018-09-18T21:26:13
279,medium,2018-09-18T21:26:13,2018-09-18T23:23:13
1504,low,2018-09-18T21:38:21,2018-09-18T23:11:21
1079,high,2018-09-18T22:12:19,2018-09-18T23:33:19
1449,low,2018-09-18T23:11:21,2018-09-19T00:36:21
439,medium,2018-09-18T23:23:13,2018-09-18T23:34:13
137,high,2018-09-18T23:33:19,2018-09-19T00:07:19
715,medium,2018-09-18T23:34:13,2018-09-18T23:51:13
1996,medium,2018-09-18T23:51:13,2018-09-19T00:04:13
1916,medium,2018-09-19T00:04:13,2018-09-19T00:08:13
1988,medium,2018-09-19T00:08:13,2018-09-19T00:21:13
463,high,2018-09-19T00:07:19,2018-09-19T01:00:19
1333,medium,2018-09-19T00:21:13,2018-09-19T01:47:13
6,high,2018-09-19T01:00:19,2018-09-19T02:14:19
546,high,2018-09-19T02:14:19,2018-09-19T02:26:19
814,high,2018-09-19T02:26:19,2018-09-19T04:19:19
405,medium,2018-09-19T01:47:13,2018-09-19T03:43:13
1266,medium,2018-09-19T03:43:13,2018-09-19T05:01:13
1279,low,2018-09-19T00:36:21,2018-09-19T02:07:21
1486,low,2018-09-19T02:07:21,2018-09-19T03:41:21
1218,low,2018-09-19T03:41:21,2018-09-19T05:29:21
479,high,2018-09-19T04:19:19,2018-09-19T05:07:19
1119,medium,2018-09-19T05:01:13,2018-09-19T06:15:13
1123,low,2018-09-19T05:29:21,2018-09-19T05:30:21
392,high,2018-09-19T05:07:19,2018-09-19T06:23:19
534,high,2018-09-19T06:23:19,2018-09-19T06:24:19
810,medium,2018-09-19T06:15:13,2018-09-19T07:40:13
56,high,2018-09-19T06:24:19,2018-09-19T08:19:19
336,medium,2018-09-19T07:40:13,2018-09-19T08:08:13
312,medium,2018-09-19T08:08:13,2018-09-19T08:47:13
4,high,2018-09-19T08:19:19,2018-09-19T08:48:19
286,medium,2018-09-19T08:47:13,2018-09-19T09:52:13
1385,low,2018-09-19T05:30:21,2018-09-19T05:56:21
1885,low,2018-09-19T05:56:21,2018-09-19T07:06:21
1084,low,2018-09-19T07:06:21,2018-09-19T07:57:21
1409,low,2018-09-19T07:57:21,2018-09-19T08:31:21
1051,low,2018-09-19T08:31:21,2018-09-19T10:25:21
1174,high,2018-09-19T08:48:19,2018-09-19T09:58:19
1880,medium,2018-09-19T09:52:13,2018-09-19T10:39:13
1751,low,2018-09-19T10:25:21,2018-09-19T11:08:21
894,high,2018-09-19T09:58:19,2018-09-19T10:57:19
1966,medium,2018-09-19T10:39:13,2018-09-19T12:24:13
188,high,2018-09-19T10:57:19,2018-09-19T12:02:19
205,medium,2018-09-19T12:24:13,2018-09-19T12:47:13
291,high,2018-09-19T12:02:19,2018-09-19T13:48:19
879,low,2018-09-19T11:08:21,2018-09-19T11:29:21
865,low,2018-09-19T11:29:21,2018-09-19T11:38:21
1053,medium,2018-09-19T12:47:13,2018-09-19T13:38:13
1183,medium,2018-09-19T13:38:13,2018-09-19T14:29:13
37,high,2018-09-19T13:48:19,2018-09-19T14:59:19
955,medium,2018-09-19T14:29:13,2018-09-19T16:10:13
1534,low,2018-09-19T11:38:21,2018-09-19T12:42:21
559,high,2018-09-19T14:59:19,2018-09-19T16:57:19
795,medium,2018-09-19T16:10:13,2018-09-19T16:44:13
1446,low,2018-09-19T12:42:21,2018-09-19T13:35:21
1487,low,2018-09-19T13:35:21,2018-09-19T14:52:21
1438,low,2018-09-19T14:52:21,2018-09-19T15:26:21
633,medium,2018-09-19T16:44:13,2018-09-19T17:29:13
355,high,2018-09-19T16:57:19,2018-09-19T17:53:19
992,low,2018-09-19T15:26:21,2018-09-19T17:16:21
1241,low,2018-09-19T17:16:21,2018-09-19T17:19:21
1090,low,2018-09-19T17:19:21,2018-09-19T18:19:21
1313,medium,2018-09-19T17:29:13,2018-09-19T17:48:13
701,medium,2018-09-19T17:48:13,2018-09-19T18:26:13
232,high,2018-09-19T17:53:19,2018-09-19T17:59:19
1177,low,2018-09-19T18:19:21,2018-09-19T18:52:21
1324,high,2018-09-19T17:59:19,2018-09-19T19:58:19
1374,low,2018-09-19T18:52:21,2018-09-19T20:28:21
1655,medium,2018-09-19T18:26:13,2018-09-19T19:27:13
1599,medium,2018-09-19T19:27:13,2018-09-19T19:28:13
1945,medium,2018-09-19T19:28:13,2018-09-19T21:23:13
1463,high,2018-09-19T19:58:19,2018-09-19T21:28:19
1356,low,2018-09-19T20:28:21,2018-09-19T21:42:21
1669,medium,2018-09-19T21:23:13,2018-09-19T22:20:13
931,high,2018-09-19T21:28:19,2018-09-19T22:40:19
1701,low,2018-09-19T21:42:21,2018-09-19T22:14:21
207,medium,2018-09-19T22:20:13,2018-09-19T22:27:13
1839,medium,2018-09-19T22:27:13,2018-09-19T23:11:13
105,high,2018-09-19T22:40:19,2018-09-19T23:59:19
1485,medium,2018-09-19T23:11:13,2018-09-20T01:10:13
38,high,2018-09-19T23:59:19,2018-09-20T01:40:19
247,medium,2018-09-20T01:10:13,2018-09-20T02:45:13
1236,low,2018-09-19T22:14:21,2018-09-19T22:23:21
1953,low,2018-09-19T22:23:21,2018-09-19T23:08:21
631,high,2018-09-20T01:40:19,2018-09-20T02:01:19
1531,low,2018-09-19T23:08:21,2018-09-19T23:31:21
1585,low,2018-09-19T23:31:21,2018-09-20T00:30:21
523,high,2018-09-20T02:01:19,2018-09-20T03:06:19
1871,low,2018-09-20T00:30:21,2018-09-20T00:32:21
1001,medium,2018-09-20T02:45:13,2018-09-20T03:56:13
1490,medium,2018-09-20T03:56:13,2018-09-20T05:04:13
50,high,2018-09-20T03:06:19,2018-09-20T04:18:19
1969,low,2018-09-20T00:32:21,2018-09-20T00:52:21
954,low,2018-09-20T00:52:21,2018-09-20T02:13:21
460,high,2018-09-20T04:18:19,2018-09-20T05:27:19
1894,low,2018-09-20T02:13:21,2018-09-20T03:12:21
704,low,2018-09-20T03:12:21,2018-09-20T03:21:21
1122,low,2018-09-20T03:21:21,2018-09-20T04:18:21
1896,low,2018-09-20T04:18:21,2018-09-20T04:36:21
1021,low,2018-09-20T04:36:21,2018-09-20T06:12:21
351,medium,2018-09-20T05:04:13,2018-09-20T06:38:13
1547,high,2018-09-20T05:27:19,2018-09-20T06:19:19
899,low,2018-09-20T06:12:21,2018-09-20T07:09:21
1928,high,2018-09-20T06:19:19,2018-09-20T08:03:19
170,high,2018-09-20T08:03:19,2018-09-20T08:09:19
339,medium,2018-09-20T06:38:13,2018-09-20T08:24:13
202,high,2018-09-20T08:09:19,2018-09-20T09:07:19
1202,medium,2018-09-20T08:24:13,2018-09-20T09:09:13
629,medium,2018-09-20T09:09:13,2018-09-20T09:40:13
142,high,2018-09-20T09:07:19,2018-09-20T10:38:19
889,medium,2018-09-20T09:40:13,2018-09-20T10:54:13
197,high,2018-09-20T10:38:19,2018-09-20T11:12:19
1707,medium,2018-09-20T10:54:13,2018-09-20T12:33:13
62,high,2018-09-20T11:12:19,2018-09-20T12:33:19
399,medium,2018-09-20T12:33:13,2018-09-20T13:14:13
974,low,2018-09-20T07:09:21,2018-09-20T07:18:21
1377,low,2018-09-20T07:18:21,2018-09-20T09:09:21
1427,low,2018-09-20T09:09:21,2018-09-20T09:56:21
512,high,2018-09-20T12:33:19,2018-09-20T13:44:19
1314,low,2018-09-20T09:56:21,2018-09-20T10:37:21
873,medium,2018-09-20T13:14:13,2018-09-20T14:49:13
1335,low,2018-09-20T10:37:21,2018-09-20T12:20:21
1318,low,2018-09-20T12:20:21,2018-09-20T13:56:21
1595,low,2018-09-20T13:56:21,2018-09-20T14:14:21
1853,high,2018-09-20T13:44:19,2018-09-20T14:43:19
384,high,2018-09-20T14:43:19,2018-09-20T15:09:19
867,low,2018-09-20T14:14:21,2018-09-20T14:24:21
1363,low,2018-09-20T14:24:21,2018-09-20T15:27:21
85,high,2018-09-20T15:09:19,2018-09-20T15:12:19
235,medium,2018-09-20T14:49:13,2018-09-20T16:07:13
1156,high,2018-09-20T15:12:19,2018-09-20T16:10:19
728,low,2018-09-20T15:27:21,2018-09-20T17:15:21
1620,medium,2018-09-20T16:07:13,2018-09-20T17:49:13
222,high,2018-09-20T16:10:19,2018-09-20T17:07:19
1253,high,2018-09-20T17:07:19,2018-09-20T18:20:19
214,medium,2018-09-20T17:49:13,2018-09-20T17:56:13
1225,low,2018-09-20T17:15:21,2018-09-20T18:13:21
175,high,2018-09-20T18:20:19,2018-09-20T19:06:19
1413,low,2018-09-20T18:13:21,2018-09-20T18:30:21
775,low,2018-09-20T18:30:21,2018-09-20T18:50:21
397,medium,2018-09-20T17:56:13,2018-09-20T18:07:13
141,high,2018-09-20T19:06:19,2018-09-20T20:58:19
231,medium,2018-09-20T18:07:13,2018-09-20T19:48:13
31,high,2018-09-20T20:58:19,2018-09-20T21:23:19
1646,medium,2018-09-20T19:48:13,2018-09-20T20:23:13
914,medium,2018-09-20T20:23:13,2018-09-20T22:15:13
1393,low,2018-09-20T18:50:21,2018-09-20T20:41:21
582,high,2018-09-20T21:23:19,2018-09-20T22:39:19
1681,medium,2018-09-20T22:15:13,2018-09-21T00:15:13
445,high,2018-09-20T22:39:19,2018-09-21T00:32:19
759,low,2018-09-20T20:41:21,2018-09-20T21:25:21
1765,low,2018-09-20T21:25:21,2018-09-20T22:47:21
1830,low,2018-09-20T22:47:21,2018-09-20T23:16:21
1913,high,2018-09-21T00:32:19,2018-09-21T00:40:19
537,medium,2018-09-21T00:15:13,2018-09-21T02:03:13
1239,low,2018-09-20T23:16:21,2018-09-21T00:45:21
1018,low,2018-09-21T00:45:21,2018-09-21T01:41:21
883,high,2018-09-21T00:40:19,2018-09-21T01:17:19
703,low,2018-09-21T01:41:21,2018-09-21T02:23:21
578,high,2018-09-21T01:17:19,2018-09-21T03:01:19
1954,medium,2018-09-21T02:03:13,2018-09-21T03:21:13
1476,low,2018-09-21T02:23:21,2018-09-21T03:49:21
438,high,2018-09-21T03:01:19,2018-09-21T03:55:19
1606,medium,2018-09-21T03:21:13,2018-09-21T04:39:13
386,high,2018-09-21T03:55:19,2018-09-21T04:16:19
525,high,2018-09-21T04:16:19,2018-09-21T05:31:19
1365,low,2018-09-21T03:49:21,2018-09-21T04:49:21
345,medium,2018-09-21T04:39:13,2018-09-21T05:19:13
406,medium,2018-09-21T05:19:13,2018-09-21T05:26:13
1415,low,2018-09-21T04:49:21,2018-09-21T06:32:21
1537,medium,2018-09-21T05:26:13,2018-09-21T06:08:13
1588,medium,2018-09-21T06:08:13,2018-09-21T06:30:13
673,high,2018-09-21T05:31:19,2018-09-21T05:47:19
24,high,2018-09-21T05:47:19,2018-09-21T05:54:19
1180,medium,2018-09-21T06:30:13,2018-09-21T08:27:13
561,high,2018-09-21T05:54:19,2018-09-21T06:55:19
944,low,2018-09-21T06:32:21,2018-09-21T07:53:21
555,high,2018-09-21T06:55:19,2018-09-21T07:25:19
803,high,2018-09-21T07:25:19,2018-09-21T08:49:19
225,medium,2018-09-21T08:27:13,2018-09-21T08:40:13
1728,medium,2018-09-21T08:40:13,2018-09-21T09:20:13
806,low,2018-09-21T07:53:21,2018-09-21T09:19:21
455,medium,2018-09-21T09:20:13,2018-09-21T10:09:13
709,high,2018-09-21T08:49:19,2018-09-21T10:20:19
1282,low,2018-09-21T09:19:21,2018-09-21T09:23:21
403,high,2018-09-21T10:20:19,2018-09-21T10:27:19
823,low,2018-09-21T09:23:21,2018-09-21T11:16:21
258,medium,2018-09-21T10:09:13,2018-09-21T11:52:13
799,high,2018-09-21T10:27:19,2018-09-21T11:55:19
1322,low,2018-09-21T11:16:21,2018-09-21T12:53:21
1309,medium,2018-09-21T11:52:13,2018-09-21T13:30:13
1477,low,2018-09-21T12:53:21,2018-09-21T13:22:21
1834,high,2018-09-21T11:55:19,2018-09-21T13:24:19
177,high,2018-09-21T13:24:19,2018-09-21T13:38:19
1704,low,2018-09-21T13:22:21,2018-09-21T13:38:21
1154,medium,2018-09-21T13:30:13,2018-09-21T14:40:13
1223,high,2018-09-21T13:38:19,2018-09-21T15:06:19
1578,low,2018-09-21T13:38:21,2018-09-21T15:38:21
495,medium,2018-09-21T14:40:13,2018-09-21T15:38:13
1372,high,2018-09-21T15:06:19,2018-09-21T16:20:19
825,medium,2018-09-21T15:38:13,2018-09-21T17:28:13
283,high,2018-09-21T16:20:19,2018-09-21T16:33:19
1990,low,2018-09-21T15:38:21,2018-09-21T15:51:21
778,low,2018-09-21T15:51:21,2018-09-21T16:49:21
1792,high,2018-09-21T16:33:19,2018-09-21T17:47:19
1205,low,2018-09-21T16:49:21,2018-09-21T18:18:21
558,medium,2018-09-21T17:28:13,2018-09-21T18:58:13
1717,high,2018-09-21T17:47:19,2018-09-21T19:33:19
1576,low,2018-09-21T18:18:21,2018-09-21T19:35:21
189,high,2018-09-21T19:33:19,2018-09-21T19:59:19
1340,low,2018-09-21T19:35:21,2018-09-21T20:36:21
447,medium,2018-09-21T18:58:13,2018-09-21T19:51:13
17,high,2018-09-21T19:59:19,2018-09-21T21:37:19
1222,medium,2018-09-21T19:51:13,2018-09-21T20:46:13
665,medium,2018-09-21T20:46:13,2018-09-21T22:16:13
1826,low,2018-09-21T20:36:21,2018-09-21T22:15:21
667,high,2018-09-21T21:37:19,2018-09-21T22:58:19
648,medium,2018-09-21T22:16:13,2018-09-21T23:48:13
173,high,2018-09-21T22:58:19,2018-09-22T00:51:19
744,medium,2018-09-21T23:48:13,2018-09-22T01:03:13
1807,low,2018-09-21T22:15:21,2018-09-21T23:45:21
1028,low,2018-09-21T23:45:21,2018-09-22T00:28:21
1528,low,2018-09-22T00:28:21,2018-09-22T00:49:21
315,high,2018-09-22T00:51:19,2018-09-22T02:06:19
1859,low,2018-09-22T00:49:21,2018-09-22T02:13:21
432,medium,2018-09-22T01:03:13,2018-09-22T02:04:13
78,high,2018-09-22T02:06:19,2018-09-22T02:18:19
290,medium,2018-09-22T02:04:13,2018-09-22T02:16:13
1712,low,2018-09-22T02:13:21,2018-09-22T02:53:21
679,medium,2018-09-22T02:16:13,2018-09-22T04:02:13
1284,low,2018-09-22T02:53:21,2018-09-22T03:00:21
688,high,2018-09-22T02:18:19,2018-09-22T02:58:19
1650,high,2018-09-22T02:58:19,2018-09-22T04:58:19
1790,low,2018-09-22T03:00:21,2018-09-22T03:22:21
485,medium,2018-09-22T04:02:13,2018-09-22T04:23:13
328,medium,2018-09-22T04:23:13,2018-09-22T05:49:13
843,low,2018-09-22T03:22:21,2018-09-22T04:56:21
1057,low,2018-09-22T04:56:21,2018-09-22T06:47:21
689,high,2018-09-22T04:58:19,2018-09-22T05:58:19
347,medium,2018-09-22T05:49:13,2018-09-22T07:31:13
462,high,2018-09-22T05:58:19,2018-09-22T07:49:19
1321,high,2018-09-22T07:49:19,2018-09-22T08:35:19
1731,medium,2018-09-22T07:31:13,2018-09-22T09:27:13
1134,low,2018-09-22T06:47:21,2018-09-22T08:43:21
1334,high,2018-09-22T08:35:19,2018-09-22T09:45:19
979,low,2018-09-22T08:43:21,2018-09-22T08:50:21
1577,low,2018-09-22T08:50:21,2018-09-22T09:32:21
694,high,2018-09-22T09:45:19,2018-09-22T10:17:19
663,medium,2018-09-22T09:27:13,2018-09-22T11:11:13
1298,low,2018-09-22T09:32:21,2018-09-22T10:46:21
793,high,2018-09-22T10:17:19,2018-09-22T11:20:19
186,high,2018-09-22T11:20:19,2018-09-22T12:52:19
763,low,2018-09-22T10:46:21,2018-09-22T12:06:21
1092,low,2018-09-22T12:06:21,2018-09-22T13:22:21
1651,medium,2018-09-22T11:11:13,2018-09-22T12:12:13
745,medium,2018-09-22T12:12:13,2018-09-22T13:56:13
1563,high,2018-09-22T12:52:19,2018-09-22T14:34:19
402,medium,2018-09-22T13:56:13,2018-09-22T15:46:13
1862,low,2018-09-22T13:22:21,2018-09-22T15:08:21
1811,high,2018-09-22T14:34:19,2018-09-22T15:59:19
705,low,2018-09-22T15:08:21,2018-09-22T17:02:21
461,medium,2018-09-22T15:46:13,2018-09-22T17:26:13
374,high,2018-09-22T15:59:19,2018-09-22T17:45:19
928,low,2018-09-22T17:02:21,2018-09-22T17:48:21
1636,medium,2018-09-22T17:26:13,2018-09-22T18:26:13
547,high,2018-09-22T17:45:19,2018-09-22T19:23:19
961,low,2018-09-22T17:48:21,2018-09-22T18:21:21
1517,medium,2018-09-22T18:26:13,2018-09-22T18:48:13
1570,medium,2018-09-22T18:48:13,2018-09-22T20:47:13
187,high,2018-09-22T19:23:19,2018-09-22T20:57:19
98,high,2018-09-22T20:57:19,2018-09-22T22:44:19
163,high,2018-09-22T22:44:19,2018-09-22T22:56:19
152,high,2018-09-22T22:56:19,2018-09-22T23:15:19
644,medium,2018-09-22T20:47:13,2018-09-22T21:28:13
494,medium,2018-09-22T21:28:13,2018-09-22T22:56:13
837,low,2018-09-22T18:21:21,2018-09-22T19:07:21
774,low,2018-09-22T19:07:21,2018-09-22T20:31:21
1763,low,2018-09-22T20:31:21,2018-09-22T21:01:21
1402,low,2018-09-22T21:01:21,2018-09-22T21:51:21
874,low,2018-09-22T21:51:21,2018-09-22T22:33:21
252,medium,2018-09-22T22:56:13,2018-09-22T23:47:13
1745,low,2018-09-22T22:33:21,2018-09-23T00:28:21
131,high,2018-09-22T23:15:19,2018-09-23T00:54:19
735,medium,2018-09-22T23:47:13,2018-09-23T01:24:13
838,low,2018-09-23T00:28:21,2018-09-23T00:40:21
1248,low,2018-09-23T00:40:21,2018-09-23T00:48:21
311,high,2018-09-23T00:54:19,2018-09-23T01:16:19
1546,high,2018-09-23T01:16:19,2018-09-23T01:58:19
1541,low,2018-09-23T00:48:21,2018-09-23T02:41:21
204,medium,2018-09-23T01:24:13,2018-09-23T01:35:13
1999,low,2018-09-23T02:41:21,2018-09-23T03:16:21
897,medium,2018-09-23T01:35:13,2018-09-23T03:10:13
1304,high,2018-09-23T01:58:19,2018-09-23T02:31:19
1408,high,2018-09-23T02:31:19,2018-09-23T03:21:19
677,medium,2018-09-23T03:10:13,2018-09-23T04:36:13
1479,low,2018-09-23T03:16:21,2018-09-23T05:12:21
753,high,2018-09-23T03:21:19,2018-09-23T05:18:19
1924,medium,2018-09-23T04:36:13,2018-09-23T06:35:13
605,high,2018-09-23T05:18:19,2018-09-23T07:14:19
941,low,2018-09-23T05:12:21,2018-09-23T05:21:21
1991,medium,2018-09-23T06:35:13,2018-09-23T08:24:13
89,high,2018-09-23T07:14:19,2018-09-23T08:04:19
660,high,2018-09-23T08:04:19,2018-09-23T08:33:19
784,medium,2018-09-23T08:24:13,2018-09-23T09:01:13
215,high,2018-09-23T08:33:19,2018-09-23T09:59:19
1835,low,2018-09-23T05:21:21,2018-09-23T06:15:21
783,low,2018-09-23T06:15:21,2018-09-23T06:50:21
693,medium,2018-09-23T09:01:13,2018-09-23T10:32:13
1074,low,2018-09-23T06:50:21,2018-09-23T07:22:21
789,medium,2018-09-23T10:32:13,2018-09-23T10:34:13
515,high,2018-09-23T09:59:19,2018-09-23T10:41:19
1667,low,2018-09-23T07:22:21,2018-09-23T09:03:21
1909,low,2018-09-23T09:03:21,2018-09-23T09:08:21
1958,low,2018-09-23T09:08:21,2018-09-23T10:05:21
1078,low,2018-09-23T10:05:21,2018-09-23T10:27:21
1308,low,2018-09-23T10:27:21,2018-09-23T10:42:21
1151,medium,2018-09-23T10:34:13,2018-09-23T11:45:13
1992,low,2018-09-23T10:42:21,2018-09-23T11:31:21
776,high,2018-09-23T10:41:19,2018-09-23T12:17:19
860,low,2018-09-23T11:31:21,2018-09-23T11:58:21
801,medium,2018-09-23T11:45:13,2018-09-23T12:04:13
416,high,2018-09-23T12:17:19,2018-09-23T12:18:19
1705,low,2018-09-23T11:58:21,2018-09-23T13:46:21
1209,medium,2018-09-23T12:04:13,2018-09-23T13:24:13
1437,high,2018-09-23T12:18:19,2018-09-23T13:46:19
662,medium,2018-09-23T13:24:13,2018-09-23T13:48:13
227,high,2018-09-23T13:46:19,2018-09-23T15:02:19
1192,low,2018-09-23T13:46:21,2018-09-23T14:28:21
1115,low,2018-09-23T14:28:21,2018-09-23T15:49:21
430,medium,2018-09-23T13:48:13,2018-09-23T15:47:13
969,high,2018-09-23T15:02:19,2018-09-23T15:17:19
1443,high,2018-09-23T15:17:19,2018-09-23T16:43:19
1164,medium,2018-09-23T15:47:13,2018-09-23T17:06:13
636,high,2018-09-23T16:43:19,2018-09-23T17:24:19
699,medium,2018-09-23T17:06:13,2018-09-23T17:31:13
352,high,2018-09-23T17:24:19,2018-09-23T18:33:19
520,medium,2018-09-23T17:31:13,2018-09-23T17:37:13
641,medium,2018-09-23T17:37:13,2018-09-23T18:32:13
1040,low,2018-09-23T15:49:21,2018-09-23T16:03:21
1777,low,2018-09-23T16:03:21,2018-09-23T16:16:21
396,medium,2018-09-23T18:32:13,2018-09-23T18:59:13
378,high,2018-09-23T18:33:19,2018-09-23T18:59:19
608,medium,2018-09-23T18:59:13,2018-09-23T19:59:13
415,high,2018-09-23T18:59:19,2018-09-23T20:36:19
230,medium,2018-09-23T19:59:13,2018-09-23T20:55:13
266,medium,2018-09-23T20:55:13,2018-09-23T22:37:13
10,high,2018-09-23T20:36:19,2018-09-23T22:27:19
1809,low,2018-09-23T16:16:21,2018-09-23T17:54:21
42,high,2018-09-23T22:27:19,2018-09-23T23:25:19
1031,medium,2018-09-23T22:37:13,2018-09-23T23:53:13
805,low,2018-09-23T17:54:21,2018-09-23T19:36:21
1187,low,2018-09-23T19:36:21,2018-09-23T21:07:21
1386,low,2018-09-23T21:07:21,2018-09-23T21:30:21
1959,low,2018-09-23T21:30:21,2018-09-23T23:04:21
861,low,2018-09-23T23:04:21,2018-09-23T23:42:21
966,high,2018-09-23T23:25:19,2018-09-23T23:43:19
1022,low,2018-09-23T23:42:21,2018-09-24T00:55:21
198,high,2018-09-23T23:43:19,2018-09-24T00:11:19
1093,medium,2018-09-23T23:53:13,2018-09-24T00:04:13
1948,low,2018-09-24T00:55:21,2018-09-24T01:04:21
211,medium,2018-09-24T00:04:13,2018-09-24T01:31:13
1447,low,2018-09-24T01:04:21,2018-09-24T01:23:21
565,high,2018-09-24T00:11:19,2018-09-24T01:34:19
1023,high,2018-09-24T01:34:19,2018-09-24T01:57:19
1058,low,2018-09-24T01:23:21,2018-09-24T03:13:21
94,high,2018-09-24T01:57:19,2018-09-24T03:22:19
276,medium,2018-09-24T01:31:13,2018-09-24T01:59:13
195,high,2018-09-24T03:22:19,2018-09-24T04:40:19
1436,low,2018-09-24T03:13:21,2018-09-24T03:23:21
434,medium,2018-09-24T01:59:13,2018-09-24T03:59:13
1817,medium,2018-09-24T03:59:13,2018-09-24T04:57:13
1488,medium,2018-09-24T04:57:13,2018-09-24T05:06:13
1161,low,2018-09-24T03:23:21,2018-09-24T05:01:21
613,high,2018-09-24T04:40:19,2018-09-24T04:47:19
609,high,2018-09-24T04:47:19,2018-09-24T04:56:19
168,high,2018-09-24T04:56:19,2018-09-24T06:19:19
1564,high,2018-09-24T06:19:19,2018-09-24T06:37:19
895,low,2018-09-24T05:01:21,2018-09-24T06:38:21
292,medium,2018-09-24T05:06:13,2018-09-24T06:03:13
414,medium,2018-09-24T06:03:13,2018-09-24T07:33:13
566,high,2018-09-24T06:37:19,2018-09-24T07:11:19
543,high,2018-09-24T07:11:19,2018-09-24T08:43:19
1112,low,2018-09-24T06:38:21,2018-09-24T06:40:21
1076,low,2018-09-24T06:40:21,2018-09-24T07:21:21
1878,low,2018-09-24T07:21:21,2018-09-24T07:42:21
1698,medium,2018-09-24T07:33:13,2018-09-24T09:24:13
1169,low,2018-09-24T07:42:21,2018-09-24T07:50:21
718,low,2018-09-24T07:50:21,2018-09-24T09:25:21
985,low,2018-09-24T09:25:21,2018-09-24T10:19:21
431,high,2018-09-24T08:43:19,2018-09-24T10:21:19
335,medium,2018-09-24T09:24:13,2018-09-24T10:51:13
67,high,2018-09-24T10:21:19,2018-09-24T10:45:19
1337,high,2018-09-24T10:45:19,2018-09-24T11:43:19
343,medium,2018-09-24T10:51:13,2018-09-24T12:43:13
440,high,2018-09-24T11:43:19,2018-09-24T11:55:19
666,high,2018-09-24T11:55:19,2018-09-24T13:14:19
1472,low,2018-09-24T10:19:21,2018-09-24T12:08:21
1600,low,2018-09-24T12:08:21,2018-09-24T12:55:21
1087,low,2018-09-24T12:55:21,2018-09-24T13:05:21
855,low,2018-09-24T13:05:21,2018-09-24T13:12:21
1755,medium,2018-09-24T12:43:13,2018-09-24T13:53:13
1215,medium,2018-09-24T13:53:13,2018-09-24T14:03:13
501,high,2018-09-24T13:14:19,2018-09-24T14:22:19
1874,low,2018-09-24T13:12:21,2018-09-24T14:18:21
1521,medium,2018-09-24T14:03:13,2018-09-24T14:55:13
664,high,2018-09-24T14:22:19,2018-09-24T15:12:19
306,medium,2018-09-24T14:55:13,2018-09-24T16:06:13
741,low,2018-09-24T14:18:21,2018-09-24T14:40:21
483,high,2018-09-24T15:12:19,2018-09-24T15:18:19
624,high,2018-09-24T15:18:19,2018-09-24T16:56:19
1957,medium,2018-09-24T16:06:13,2018-09-24T16:59:13
176,high,2018-09-24T16:56:19,2018-09-24T18:07:19
1769,low,2018-09-24T14:40:21,2018-09-24T15:29:21
603,medium,2018-09-24T16:59:13,2018-09-24T17:37:13
560,medium,2018-09-24T17:37:13,2018-09-24T18:52:13
1035,low,2018-09-24T15:29:21,2018-09-24T17:10:21
572,high,2018-09-24T18:07:19,2018-09-24T18:45:19
818,low,2018-09-24T17:10:21,2018-09-24T18:13:21
1450,medium,2018-09-24T18:52:13,2018-09-24T19:03:13
878,low,2018-09-24T18:13:21,2018-09-24T20:13:21
906,high,2018-09-24T18:45:19,2018-09-24T20:36:19
563,medium,2018-09-24T19:03:13,2018-09-24T20:59:13
1426,low,2018-09-24T20:13:21,2018-09-24T21:08:21
242,high,2018-09-24T20:36:19,2018-09-24T22:21:19
854,low,2018-09-24T21:08:21,2018-09-24T21:49:21
1621,medium,2018-09-24T20:59:13,2018-09-24T21:57:13
1936,low,2018-09-24T21:49:21,2018-09-24T21:51:21
1306,low,2018-09-24T21:51:21,2018-09-24T23:03:21
962,medium,2018-09-24T21:57:13,2018-09-24T22:24:13
149,high,2018-09-24T22:21:19,2018-09-24T23:00:19
1653,medium,2018-09-24T22:24:13,2018-09-24T23:07:13
1293,high,2018-09-24T23:00:19,2018-09-25T00:19:19
1278,medium,2018-09-24T23:07:13,2018-09-24T23:22:13
220,medium,2018-09-24T23:22:13,2018-09-25T00:38:13
367,high,2018-09-25T00:19:19,2018-09-25T01:22:19
1700,low,2018-09-24T23:03:21,2018-09-25T00:34:21
1155,low,2018-09-25T00:34:21,2018-09-25T01:44:21
1129,medium,2018-09-25T00:38:13,2018-09-25T01:41:13
896,high,2018-09-25T01:22:19,2018-09-25T01:28:19
1470,high,2018-09-25T01:28:19,2018-09-25T01:35:19
599,high,2018-09-25T01:35:19,2018-09-25T02:27:19
1522,medium,2018-09-25T01:41:13,2018-09-25T02:54:13
1978,low,2018-09-25T01:44:21,2018-09-25T02:13:21
647,high,2018-09-25T02:27:19,2018-09-25T03:54:19
1911,low,2018-09-25T02:13:21,2018-09-25T03:25:21
1589,low,2018-09-25T03:25:21,2018-09-25T03:31:21
1383,medium,2018-09-25T02:54:13,2018-09-25T03:50:13
1904,low,2018-09-25T03:31:21,2018-09-25T03:38:21
1267,low,2018-09-25T03:38:21,2018-09-25T04:57:21
1854,medium,2018-09-25T03:50:13,2018-09-25T03:57:13
213,high,2018-09-25T03:54:19,2018-09-25T05:39:19
627,medium,2018-09-25T03:57:13,2018-09-25T04:23:13
1506,low,2018-09-25T04:57:21,2018-09-25T05:24:21
1591,medium,2018-09-25T04:23:13,2018-09-25T06:03:13
88,high,2018-09-25T05:39:19,2018-09-25T06:13:19
368,medium,2018-09-25T06:03:13,2018-09-25T06:05:13
95,high,2018-09-25T06:13:19,2018-09-25T08:01:19
654,medium,2018-09-25T06:05:13,2018-09-25T06:30:13
836,medium,2018-09-25T06:30:13,2018-09-25T07:21:13
505,medium,2018-09-25T07:21:13,2018-09-25T08:57:13
1242,low,2018-09-25T05:24:21,2018-09-25T07:08:21
1170,low,2018-09-25T07:08:21,2018-09-25T07:30:21
850,low,2018-09-25T07:30:21,2018-09-25T08:16:21
380,high,2018-09-25T08:01:19,2018-09-25T08:51:19
1452,high,2018-09-25T08:51:19,2018-09-25T09:26:19
1478,low,2018-09-25T08:16:21,2018-09-25T09:55:21
298,medium,2018-09-25T08:57:13,2018-09-25T09:56:13
226,high,2018-09-25T09:26:19,2018-09-25T10:12:19
1742,low,2018-09-25T09:55:21,2018-09-25T11:27:21
1140,medium,2018-09-25T09:56:13,2018-09-25T10:06:13
1212,medium,2018-09-25T10:06:13,2018-09-25T11:52:13
1392,high,2018-09-25T10:12:19,2018-09-25T10:39:19
1059,high,2018-09-25T10:39:19,2018-09-25T11:56:19
1466,medium,2018-09-25T11:52:13,2018-09-25T12:33:13
1943,low,2018-09-25T11:27:21,2018-09-25T13:22:21
1271,high,2018-09-25T11:56:19,2018-09-25T13:12:19
1101,medium,2018-09-25T12:33:13,2018-09-25T13:51:13
626,high,2018-09-25T13:12:19,2018-09-25T14:03:19
376,medium,2018-09-25T13:51:13,2018-09-25T14:19:13
1947,low,2018-09-25T13:22:21,2018-09-25T15:22:21
353,high,2018-09-25T14:03:19,2018-09-25T15:58:19
1836,medium,2018-09-25T14:19:13,2018-09-25T15:01:13
585,medium,2018-09-25T15:01:13,2018-09-25T15:13:13
361,medium,2018-09-25T15:13:13,2018-09-25T16:54:13
1213,low,2018-09-25T15:22:21,2018-09-25T16:27:21
1929,high,2018-09-25T15:58:19,2018-09-25T17:22:19
1182,low,2018-09-25T16:27:21,2018-09-25T18:08:21
870,medium,2018-09-25T16:54:13,2018-09-25T16:57:13
478,medium,2018-09-25T16:57:13,2018-09-25T18:45:13
269,high,2018-09-25T17:22:19,2018-09-25T19:20:19
1603,low,2018-09-25T18:08:21,2018-09-25T19:08:21
678,medium,2018-09-25T18:45:13,2018-09-25T18:50:13
209,medium,2018-09-25T18:50:13,2018-09-25T19:08:13
771,low,2018-09-25T19:08:21,2018-09-25T19:10:21
651,medium,2018-09-25T19:08:13,2018-09-25T20:02:13
192,high,2018-09-25T19:20:19,2018-09-25T21:05:19
125,high,2018-09-25T21:05:19,2018-09-25T21:37:19
1793,low,2018-09-25T19:10:21,2018-09-25T19:17:21
270,medium,2018-09-25T20:02:13,2018-09-25T20:43:13
956,medium,2018-09-25T20:43:13,2018-09-25T22:34:13
1184,low,2018-09-25T19:17:21,2018-09-25T20:33:21
1818,low,2018-09-25T20:33:21,2018-09-25T21:46:21
1852,high,2018-09-25T21:37:19,2018-09-25T23:32:19
734,low,2018-09-25T21:46:21,2018-09-25T22:46:21
1964,low,2018-09-25T22:46:21,2018-09-25T23:55:21
317,medium,2018-09-25T22:34:13,2018-09-25T23:44:13
1327,high,2018-09-25T23:32:19,2018-09-26T00:47:19
199,high,2018-09-26T00:47:19,2018-09-26T01:44:19
1388,low,2018-09-25T23:55:21,2018-09-26T00:09:21
1243,low,2018-09-26T00:09:21,2018-09-26T00:25:21
390,medium,2018-09-25T23:44:13,2018-09-26T01:21:13
246,medium,2018-09-26T01:21:13,2018-09-26T02:06:13
1690,low,2018-09-26T00:25:21,2018-09-26T00:46:21
676,high,2018-09-26T01:44:19,2018-09-26T03:20:19
1323,low,2018-09-26T00:46:21,2018-09-26T01:43:21
1019,low,2018-09-26T01:43:21,2018-09-26T02:49:21
467,medium,2018-09-26T02:06:13,2018-09-26T02:39:13
1297,medium,2018-09-26T02:39:13,2018-09-26T03:42:13
632,high,2018-09-26T03:20:19,2018-09-26T03:43:19
1457,medium,2018-09-26T03:42:13,2018-09-26T04:32:13
1758,low,2018-09-26T02:49:21,2018-09-26T04:17:21
472,high,2018-09-26T03:43:19,2018-09-26T05:26:19
981,low,2018-09-26T04:17:21,2018-09-26T05:56:21
393,medium,2018-09-26T04:32:13,2018-09-26T05:16:13
907,medium,2018-09-26T05:16:13,2018-09-26T07:01:13
1103,low,2018-09-26T05:56:21,2018-09-26T06:50:21
1677,high,2018-09-26T05:26:19,2018-09-26T05:47:19
63,high,2018-09-26T05:47:19,2018-09-26T05:48:19
602,high,2018-09-26T05:48:19,2018-09-26T06:30:19
1507,low,2018-09-26T06:50:21,2018-09-26T08:29:21
593,high,2018-09-26T06:30:19,2018-09-26T08:11:19
1891,medium,2018-09-26T07:01:13,2018-09-26T08:43:13
1520,high,2018-09-26T08:11:19,2018-09-26T08:43:19
657,medium,2018-09-26T08:43:13,2018-09-26T09:58:13
1724,low,2018-09-26T08:29:21,2018-09-26T10:02:21
1256,high,2018-09-26T08:43:19,2018-09-26T10:30:19
273,medium,2018-09-26T09:58:13,2018-09-26T11:17:13
263,high,2018-09-26T10:30:19,2018-09-26T10:34:19
1425,low,2018-09-26T10:02:21,2018-09-26T10:56:21
489,high,2018-09-26T10:34:19,2018-09-26T12:34:19
1229,low,2018-09-26T10:56:21,2018-09-26T12:42:21
853,medium,2018-09-26T11:17:13,2018-09-26T12:31:13
772,low,2018-09-26T12:42:21,2018-09-26T12:43:21
1131,medium,2018-09-26T12:31:13,2018-09-26T13:28:13
510,medium,2018-09-26T13:28:13,2018-09-26T13:32:13
492,high,2018-09-26T12:34:19,2018-09-26T14:21:19
508,high,2018-09-26T14:21:19,2018-09-26T14:57:19
541,medium,2018-09-26T13:32:13,2018-09-26T15:30:13
1979,low,2018-09-26T12:43:21,2018-09-26T14:28:21
373,high,2018-09-26T14:57:19,2018-09-26T15:56:19
429,medium,2018-09-26T15:30:13,2018-09-26T16:48:13
1819,low,2018-09-26T14:28:21,2018-09-26T15:02:21
1246,low,2018-09-26T15:02:21,2018-09-26T16:36:21
1320,high,2018-09-26T15:56:19,2018-09-26T16:22:19
1125,high,2018-09-26T16:22:19,2018-09-26T17:47:19
1257,low,2018-09-26T16:36:21,2018-09-26T18:31:21
862,medium,2018-09-26T16:48:13,2018-09-26T18:35:13
1444,high,2018-09-26T17:47:19,2018-09-26T18:00:19
812,high,2018-09-26T18:00:19,2018-09-26T18:20:19
1709,low,2018-09-26T18:31:21,2018-09-26T18:35:21
1927,high,2018-09-26T18:20:19,2018-09-26T19:54:19
1195,medium,2018-09-26T18:35:13,2018-09-26T20:31:13
828,low,2018-09-26T18:35:21,2018-09-26T19:10:21
181,high,2018-09-26T19:54:19,2018-09-26T21:16:19
342,high,2018-09-26T21:16:19,2018-09-26T21:36:19
1295,high,2018-09-26T21:36:19,2018-09-26T22:46:19
592,medium,2018-09-26T20:31:13,2018-09-26T22:16:13
22,high,2018-09-26T22:46:19,2018-09-26T22:52:19
61,high,2018-09-26T22:52:19,2018-09-27T00:03:19
576,high,2018-09-27T00:03:19,2018-09-27T00:43:19
1359,medium,2018-09-26T22:16:13,2018-09-27T00:16:13
346,medium,2018-09-27T00:16:13,2018-09-27T01:13:13
1895,medium,2018-09-27T01:13:13,2018-09-27T02:36:13
174,high,2018-09-27T00:43:19,2018-09-27T02:32:19
1416,low,2018-09-26T19:10:21,2018-09-26T19:37:21
1343,low,2018-09-26T19:37:21,2018-09-26T20:55:21
978,low,2018-09-26T20:55:21,2018-09-26T22:17:21
1893,low,2018-09-26T22:17:21,2018-09-26T22:58:21
1574,low,2018-09-26T22:58:21,2018-09-26T23:06:21
646,high,2018-09-27T02:32:19,2018-09-27T02:45:19
827,low,2018-09-26T23:06:21,2018-09-26T23:47:21
807,low,2018-09-26T23:47:21,2018-09-27T00:19:21
1268,low,2018-09-27T00:19:21,2018-09-27T01:09:21
23,high,2018-09-27T02:45:19,2018-09-27T02:58:19
1757,low,2018-09-27T01:09:21,2018-09-27T03:04:21
1259,medium,2018-09-27T02:36:13,2018-09-27T03:08:13
1135,medium,2018-09-27T03:08:13,2018-09-27T03:14:13
750,high,2018-09-27T02:58:19,2018-09-27T04:56:19
649,medium,2018-09-27T03:14:13,2018-09-27T04:09:13
1572,low,2018-09-27T03:04:21,2018-09-27T03:58:21
856,low,2018-09-27T03:58:21,2018-09-27T05:13:21
595,medium,2018-09-27T04:09:13,2018-09-27T06:07:13
762,high,2018-09-27T04:56:19,2018-09-27T06:35:19
1146,low,2018-09-27T05:13:21,2018-09-27T05:47:21
1148,low,2018-09-27T05:47:21,2018-09-27T06:35:21
469,medium,2018-09-27T06:07:13,2018-09-27T07:10:13
918,high,2018-09-27T06:35:19,2018-09-27T08:07:19
1286,low,2018-09-27T06:35:21,2018-09-27T06:59:21
1353,low,2018-09-27T06:59:21,2018-09-27T07:52:21
570,medium,2018-09-27T07:10:13,2018-09-27T07:14:13
716,medium,2018-09-27T07:14:13,2018-09-27T07:48:13
708,medium,2018-09-27T07:48:13,2018-09-27T08:22:13
1972,low,2018-09-27T07:52:21,2018-09-27T08:14:21
1960,low,2018-09-27T08:14:21,2018-09-27T08:17:21
1773,low,2018-09-27T08:17:21,2018-09-27T09:06:21
1659,high,2018-09-27T08:07:19,2018-09-27T08:59:19
1788,medium,2018-09-27T08:22:13,2018-09-27T08:56:13
1993,medium,2018-09-27T08:56:13,2018-09-27T09:57:13
1899,high,2018-09-27T08:59:19,2018-09-27T10:56:19
1791,low,2018-09-27T09:06:21,2018-09-27T10:05:21
1611,low,2018-09-27T10:05:21,2018-09-27T10:16:21
1930,medium,2018-09-27T09:57:13,2018-09-27T10:39:13
1952,low,2018-09-27T10:16:21,2018-09-27T11:44:21
428,medium,2018-09-27T10:39:13,2018-09-27T12:03:13
1579,high,2018-09-27T10:56:19,2018-09-27T12:11:19
228,medium,2018-09-27T12:03:13,2018-09-27T12:31:13
16,high,2018-09-27T12:11:19,2018-09-27T13:34:19
794,low,2018-09-27T11:44:21,2018-09-27T12:14:21
542,medium,2018-09-27T12:31:13,2018-09-27T13:41:13
1258,low,2018-09-27T12:14:21,2018-09-27T13:20:21
1194,low,2018-09-27T13:20:21,2018-09-27T14:25:21
377,high,2018-09-27T13:34:19,2018-09-27T15:27:19
1319,low,2018-09-27T14:25:21,2018-09-27T14:41:21
698,medium,2018-09-27T13:41:13,2018-09-27T14:58:13
1612,low,2018-09-27T14:41:21,2018-09-27T15:14:21
1513,medium,2018-09-27T14:58:13,2018-09-27T16:03:13
1288,low,2018-09-27T15:14:21,2018-09-27T15:56:21
275,high,2018-09-27T15:27:19,2018-09-27T17:11:19
600,medium,2018-09-27T16:03:13,2018-09-27T17:24:13
866,low,2018-09-27T15:56:21,2018-09-27T17:02:21
251,high,2018-09-27T17:11:19,2018-09-27T18:11:19
1434,low,2018-09-27T17:02:21,2018-09-27T18:04:21
1307,medium,2018-09-27T17:24:13,2018-09-27T18:04:13
1026,medium,2018-09-27T18:04:13,2018-09-27T18:57:13
1197,low,2018-09-27T18:04:21,2018-09-27T19:53:21
1461,medium,2018-09-27T18:57:13,2018-09-27T19:10:13
1657,high,2018-09-27T18:11:19,2018-09-27T20:01:19
491,medium,2018-09-27T19:10:13,2018-09-27T20:10:13
639,high,2018-09-27T20:01:19,2018-09-27T20:33:19
796,medium,2018-09-27T20:10:13,2018-09-27T21:31:13
622,high,2018-09-27T20:33:19,2018-09-27T21:09:19
568,medium,2018-09-27T21:31:13,2018-09-27T22:03:13
1605,medium,2018-09-27T22:03:13,2018-09-27T23:18:13
97,high,2018-09-27T21:09:19,2018-09-27T23:09:19
1994,low,2018-09-27T19:53:21,2018-09-27T21:45:21
1097,medium,2018-09-27T23:18:13,2018-09-28T01:00:13
69,high,2018-09-27T23:09:19,2018-09-28T00:24:19
1369,low,2018-09-27T21:45:21,2018-09-27T23:32:21
1648,low,2018-09-27T23:32:21,2018-09-28T00:06:21
1658,low,2018-09-28T00:06:21,2018-09-28T00:35:21
904,high,2018-09-28T00:24:19,2018-09-28T02:12:19
1428,low,2018-09-28T00:35:21,2018-09-28T01:40:21
1091,low,2018-09-28T01:40:21,2018-09-28T02:53:21
166,high,2018-09-28T02:12:19,2018-09-28T03:57:19
1754,low,2018-09-28T02:53:21,2018-09-28T03:12:21
1766,medium,2018-09-28T01:00:13,2018-09-28T01:48:13
1879,low,2018-09-28T03:12:21,2018-09-28T03:40:21
218,medium,2018-09-28T01:48:13,2018-09-28T02:50:13
1086,medium,2018-09-28T02:50:13,2018-09-28T04:25:13
26,high,2018-09-28T03:57:19,2018-09-28T04:59:19
1276,low,2018-09-28T03:40:21,2018-09-28T04:25:21
1587,medium,2018-09-28T04:25:13,2018-09-28T05:42:13
738,low,2018-09-28T04:25:21,2018-09-28T05:52:21
1207,high,2018-09-28T04:59:19,2018-09-28T05:18:19
1806,high,2018-09-28T05:18:19,2018-09-28T05:50:19
989,medium,2018-09-28T05:42:13,2018-09-28T06:27:13
847,low,2018-09-28T05:52:21,2018-09-28T06:24:21
1675,high,2018-09-28T05:50:19,2018-09-28T07:43:19
496,medium,2018-09-28T06:27:13,2018-09-28T06:43:13
1774,low,2018-09-28T06:24:21,2018-09-28T07:55:21
930,medium,2018-09-28T06:43:13,2018-09-28T07:08:13
545,medium,2018-09-28T07:08:13,2018-09-28T08:57:13
1535,high,2018-09-28T07:43:19,2018-09-28T08:50:19
1662,low,2018-09-28T07:55:21,2018-09-28T08:31:21
786,low,2018-09-28T08:31:21,2018-09-28T09:31:21
1445,high,2018-09-28T08:50:19,2018-09-28T10:00:19
260,medium,2018-09-28T08:57:13,2018-09-28T09:24:13
28,high,2018-09-28T10:00:19,2018-09-28T10:15:19
1804,medium,2018-09-28T09:24:13,2018-09-28T10:41:13
859,low,2018-09-28T09:31:21,2018-09-28T09:57:21
1903,low,2018-09-28T09:57:21,2018-09-28T11:34:21
1719,medium,2018-09-28T10:41:13,2018-09-28T11:20:13
839,high,2018-09-28T10:15:19,2018-09-28T11:21:19
1489,medium,2018-09-28T11:20:13,2018-09-28T11:21:13
1439,medium,2018-09-28T11:21:13,2018-09-28T11:26:13
1341,high,2018-09-28T11:21:19,2018-09-28T12:32:19
912,medium,2018-09-28T11:26:13,2018-09-28T13:25:13
1070,low,2018-09-28T11:34:21,2018-09-28T13:12:21
1523,high,2018-09-28T12:32:19,2018-09-28T14:07:19
1067,low,2018-09-28T13:12:21,2018-09-28T14:00:21
707,medium,2018-09-28T13:25:13,2018-09-28T13:35:13
1680,medium,2018-09-28T13:35:13,2018-09-28T14:52:13
792,low,2018-09-28T14:00:21,2018-09-28T14:33:21
1399,low,2018-09-28T14:33:21,2018-09-28T15:13:21
1673,high,2018-09-28T14:07:19,2018-09-28T16:04:19
1583,low,2018-09-28T15:13:21,2018-09-28T15:40:21
1889,medium,2018-09-28T14:52:13,2018-09-28T16:11:13
1176,low,2018-09-28T15:40:21,2018-09-28T16:36:21
723,high,2018-09-28T16:04:19,2018-09-28T16:49:19
876,low,2018-09-28T16:36:21,2018-09-28T16:46:21
1544,medium,2018-09-28T16:11:13,2018-09-28T16:58:13
1976,low,2018-09-28T16:46:21,2018-09-28T17:17:21
1275,low,2018-09-28T17:17:21,2018-09-28T17:20:21
898,high,2018-09-28T16:49:19,2018-09-28T18:30:19
1407,low,2018-09-28T17:20:21,2018-09-28T17:40:21
1471,low,2018-09-28T17:40:21,2018-09-28T17:57:21
1846,low,2018-09-28T17:57:21,2018-09-28T18:12:21
1193,low,2018-09-28T18:12:21,2018-09-28T18:13:21
1665,low,2018-09-28T18:13:21,2018-09-28T18:25:21
1498,medium,2018-09-28T16:58:13,2018-09-28T18:41:13
1493,low,2018-09-28T18:25:21,2018-09-28T18:45:21
971,high,2018-09-28T18:30:19,2018-09-28T19:22:19
1358,low,2018-09-28T18:45:21,2018-09-28T18:46:21
1292,medium,2018-09-28T18:41:13,2018-09-28T20:03:13
755,low,2018-09-28T18:46:21,2018-09-28T20:38:21
996,high,2018-09-28T19:22:19,2018-09-28T21:06:19
1065,medium,2018-09-28T20:03:13,2018-09-28T21:04:13
1204,low,2018-09-28T20:38:21,2018-09-28T21:40:21
1152,medium,2018-09-28T21:04:13,2018-09-28T22:31:13
1668,high,2018-09-28T21:06:19,2018-09-28T21:58:19
1971,low,2018-09-28T21:40:21,2018-09-28T23:27:21
869,medium,2018-09-28T22:31:13,2018-09-28T23:11:13
933,medium,2018-09-28T23:11:13,2018-09-28T23:24:13
1465,high,2018-09-28T21:58:19,2018-09-28T23:25:19
1725,medium,2018-09-28T23:24:13,2018-09-28T23:36:13
1126,high,2018-09-28T23:25:19,2018-09-29T00:19:19
1072,low,2018-09-28T23:27:21,2018-09-28T23:38:21
1699,low,2018-09-28T23:38:21,2018-09-29T00:02:21
1569,medium,2018-09-28T23:36:13,2018-09-29T00:05:13
760,low,2018-09-29T00:02:21,2018-09-29T00:07:21
1593,medium,2018-09-29T00:05:13,2018-09-29T00:33:13
1269,low,2018-09-29T00:07:21,2018-09-29T00:36:21
1557,high,2018-09-29T00:19:19,2018-09-29T00:42:19
1254,medium,2018-09-29T00:33:13,2018-09-29T01:37:13
1044,low,2018-09-29T00:36:21,2018-09-29T00:40:21
1311,low,2018-09-29T00:40:21,2018-09-29T01:34:21
842,high,2018-09-29T00:42:19,2018-09-29T02:10:19
1558,low,2018-09-29T01:34:21,2018-09-29T01:37:21
1530,medium,2018-09-29T01:37:13,2018-09-29T03:06:13
920,low,2018-09-29T01:37:21,2018-09-29T03:29:21
882,high,2018-09-29T02:10:19,2018-09-29T03:03:19
1316,high,2018-09-29T03:03:19,2018-09-29T04:02:19
846,medium,2018-09-29T03:06:13,2018-09-29T03:47:13
749,medium,2018-09-29T03:47:13,2018-09-29T04:00:13
711,low,2018-09-29T03:29:21,2018-09-29T05:02:21
1652,medium,2018-09-29T04:00:13,2018-09-29T04:01:13
1649,medium,2018-09-29T04:01:13,2018-09-29T05:24:13
1575,high,2018-09-29T04:02:19,2018-09-29T04:55:19
1901,high,2018-09-29T04:55:19,2018-09-29T05:33:19
1785,medium,2018-09-29T05:24:13,2018-09-29T05:47:13
1163,low,2018-09-29T05:02:21,2018-09-29T06:50:21
719,medium,2018-09-29T05:47:13,2018-09-29T06:29:13
1629,high,2018-09-29T05:33:19,2018-09-29T06:45:19
1503,medium,2018-09-29T06:29:13,2018-09-29T07:34:13
1619,high,2018-09-29T06:45:19,2018-09-29T07:29:19
1142,low,2018-09-29T06:50:21,2018-09-29T08:02:21
1099,high,2018-09-29T07:29:19,2018-09-29T09:10:19
1354,low,2018-09-29T08:02:21,2018-09-29T08:13:21
1104,low,2018-09-29T08:13:21,2018-09-29T09:24:21
1137,medium,2018-09-29T07:34:13,2018-09-29T09:09:13
1590,medium,2018-09-29T09:09:13,2018-09-29T09:18:13
1352,high,2018-09-29T09:10:19,2018-09-29T10:11:19
935,medium,2018-09-29T09:18:13,2018-09-29T11:16:13
948,low,2018-09-29T09:24:21,2018-09-29T09:49:21
982,low,2018-09-29T09:49:21,2018-09-29T11:25:21
1645,medium,2018-09-29T11:16:13,2018-09-29T12:52:13
1345,high,2018-09-29T10:11:19,2018-09-29T11:54:19
714,low,2018-09-29T11:25:21,2018-09-29T12:17:21
1252,high,2018-09-29T11:54:19,2018-09-29T13:06:19
1150,low,2018-09-29T12:17:21,2018-09-29T14:00:21
1020,medium,2018-09-29T12:52:13,2018-09-29T13:45:13
790,medium,2018-09-29T13:45:13,2018-09-29T13:58:13
1897,high,2018-09-29T13:06:19,2018-09-29T13:35:19
1538,high,2018-09-29T13:35:19,2018-09-29T14:45:19
1050,low,2018-09-29T14:00:21,2018-09-29T14:31:21
770,medium,2018-09-29T13:58:13,2018-09-29T14:41:13
1768,medium,2018-09-29T14:41:13,2018-09-29T15:25:13
1062,low,2018-09-29T14:31:21,2018-09-29T16:25:21
1455,medium,2018-09-29T15:25:13,2018-09-29T15:39:13
915,high,2018-09-29T14:45:19,2018-09-29T16:25:19
1824,medium,2018-09-29T15:39:13,2018-09-29T16:33:13
1342,high,2018-09-29T16:25:19,2018-09-29T17:04:19
1532,low,2018-09-29T16:25:21,2018-09-29T16:30:21
1872,low,2018-09-29T16:30:21,2018-09-29T18:08:21
1734,medium,2018-09-29T16:33:13,2018-09-29T18:04:13
973,high,2018-09-29T17:04:19,2018-09-29T18:02:19
1317,high,2018-09-29T18:02:19,2018-09-29T18:41:19
1568,low,2018-09-29T18:08:21,2018-09-29T18:51:21
1310,medium,2018-09-29T18:04:13,2018-09-29T19:52:13
1315,high,2018-09-29T18:41:19,2018-09-29T20:29:19
938,medium,2018-09-29T19:52:13,2018-09-29T21:50:13
1638,low,2018-09-29T18:51:21,2018-09-29T20:49:21
1083,high,2018-09-29T20:29:19,2018-09-29T22:29:19
777,low,2018-09-29T20:49:21,2018-09-29T22:47:21
1718,medium,2018-09-29T21:50:13,2018-09-29T23:03:13
924,high,2018-09-29T22:29:19,2018-09-29T22:50:19
848,low,2018-09-29T22:47:21,2018-09-29T23:35:21
1483,high,2018-09-29T22:50:19,2018-09-29T23:57:19
1687,low,2018-09-29T23:35:21,2018-09-29T23:38:21
1796,medium,2018-09-29T23:03:13,2018-09-29T23:32:13
1860,low,2018-09-29T23:38:21,2018-09-29T23:53:21
890,medium,2018-09-29T23:32:13,2018-09-30T00:01:13
1296,low,2018-09-29T23:53:21,2018-09-30T00:55:21
1098,medium,2018-09-30T00:01:13,2018-09-30T00:27:13
1166,medium,2018-09-30T00:27:13,2018-09-30T00:53:13
929,high,2018-09-29T23:57:19,2018-09-30T01:12:19
1410,medium,2018-09-30T00:53:13,2018-09-30T02:31:13
1121,low,2018-09-30T00:55:21,2018-09-30T01:12:21
1550,high,2018-09-30T01:12:19,2018-09-30T03:03:19
891,low,2018-09-30T01:12:21,2018-09-30T01:41:21
1419,medium,2018-09-30T02:31:13,2018-09-30T03:46:13
1153,low,2018-09-30T01:41:21,2018-09-30T02:58:21
1935,low,2018-09-30T02:58:21,2018-09-30T04:05:21
1968,medium,2018-09-30T03:46:13,2018-09-30T03:53:13
1355,high,2018-09-30T03:03:19,2018-09-30T04:40:19
1950,low,2018-09-30T04:05:21,2018-09-30T05:26:21
1688,medium,2018-09-30T03:53:13,2018-09-30T05:52:13
849,high,2018-09-30T04:40:19,2018-09-30T06:38:19
1088,medium,2018-09-30T05:52:13,2018-09-30T07:04:13
1944,low,2018-09-30T05:26:21,2018-09-30T07:06:21
1464,medium,2018-09-30T07:04:13,2018-09-30T07:27:13
1815,high,2018-09-30T06:38:19,2018-09-30T07:52:19
1272,low,2018-09-30T07:06:21,2018-09-30T08:30:21
1014,medium,2018-09-30T07:27:13,2018-09-30T09:18:13
1554,low,2018-09-30T08:30:21,2018-09-30T09:13:21
919,high,2018-09-30T07:52:19,2018-09-30T08:37:19
968,low,2018-09-30T09:13:21,2018-09-30T09:37:21
1398,high,2018-09-30T08:37:19,2018-09-30T10:16:19
1010,low,2018-09-30T09:37:21,2018-09-30T11:07:21
1008,medium,2018-09-30T09:18:13,2018-09-30T11:10:13
1721,high,2018-09-30T10:16:19,2018-09-30T11:34:19
1970,low,2018-09-30T11:07:21,2018-09-30T11:44:21
1609,medium,2018-09-30T11:10:13,2018-09-30T11:14:13
857,medium,2018-09-30T11:14:13,2018-09-30T12:24:13
1622,high,2018-09-30T11:34:19,2018-09-30T12:25:19
1770,low,2018-09-30T11:44:21,2018-09-30T12:42:21
1185,medium,2018-09-30T12:24:13,2018-09-30T13:06:13
921,high,2018-09-30T12:25:19,2018-09-30T13:58:19
797,low,2018-09-30T12:42:21,2018-09-30T14:28:21
1328,medium,2018-09-30T13:06:13,2018-09-30T13:36:13
1473,medium,2018-09-30T13:36:13,2018-09-30T14:25:13
1034,high,2018-09-30T13:58:19,2018-09-30T14:54:19
1582,medium,2018-09-30T14:25:13,2018-09-30T15:53:13
1608,low,2018-09-30T14:28:21,2018-09-30T15:18:21
1188,low,2018-09-30T15:18:21,2018-09-30T16:27:21
1642,high,2018-09-30T14:54:19,2018-09-30T16:49:19
1816,low,2018-09-30T16:27:21,2018-09-30T17:13:21
1743,medium,2018-09-30T15:53:13,2018-09-30T17:25:13
1715,high,2018-09-30T16:49:19,2018-09-30T18:14:19
1430,low,2018-09-30T17:13:21,2018-09-30T17:39:21
834,low,2018-09-30T17:39:21,2018-09-30T18:02:21
1064,medium,2018-09-30T17:25:13,2018-09-30T17:49:13
1820,medium,2018-09-30T17:49:13,2018-09-30T18:11:13
1808,low,2018-09-30T18:02:21,2018-09-30T19:06:21
1234,medium,2018-09-30T18:11:13,2018-09-30T18:43:13
1201,high,2018-09-30T18:14:19,2018-09-30T19:33:19
1926,medium,2018-09-30T18:43:13,2018-09-30T19:26:13
1191,medium,2018-09-30T19:26:13,2018-09-30T19:33:13
1980,low,2018-09-30T19:06:21,2018-09-30T20:40:21
791,medium,2018-09-30T19:33:13,2018-09-30T20:25:13
1116,high,2018-09-30T19:33:19,2018-09-30T21:17:19
1775,low,2018-09-30T20:40:21,2018-09-30T20:44:21
1460,low,2018-09-30T20:44:21,2018-09-30T21:04:21
1866,medium,2018-09-30T20:25:13,2018-09-30T20:42:13
892,low,2018-09-30T21:04:21,2018-09-30T21:09:21
952,medium,2018-09-30T20:42:13,2018-09-30T21:25:13
1912,low,2018-09-30T21:09:21,2018-09-30T22:16:21
746,high,2018-09-30T21:17:19,2018-09-30T22:42:19
993,medium,2018-09-30T21:25:13,2018-09-30T21:44:13
1823,medium,2018-09-30T21:44:13,2018-09-30T23:31:13
1727,low,2018-09-30T22:16:21,2018-10-01T00:09:21
1900,medium,2018-09-30T23:31:13,2018-09-30T23:39:13
1210,high,2018-09-30T22:42:19,2018-10-01T00:34:19
903,low,2018-10-01T00:09:21,2018-10-01T00:25:21
1596,medium,2018-09-30T23:39:13,2018-10-01T01:17:13
1167,low,2018-10-01T00:25:21,2018-10-01T01:25:21
1336,high,2018-10-01T00:34:19,2018-10-01T01:04:19
1949,high,2018-10-01T01:04:19,2018-10-01T02:53:19
841,low,2018-10-01T01:25:21,2018-10-01T02:23:21
1539,medium,2018-10-01T01:17:13,2018-10-01T03:15:13
1467,low,2018-10-01T02:23:21,2018-10-01T02:28:21
1647,low,2018-10-01T02:28:21,2018-10-01T02:38:21
1597,low,2018-10-01T02:38:21,2018-10-01T02:41:21
1368,low,2018-10-01T02:41:21,2018-10-01T04:09:21
1708,high,2018-10-01T02:53:19,2018-10-01T04:08:19
1496,medium,2018-10-01T03:15:13,2018-10-01T04:27:13
1080,medium,2018-10-01T04:27:13,2018-10-01T04:45:13
1780,high,2018-10-01T04:08:19,2018-10-01T06:03:19
1005,medium,2018-10-01T04:45:13,2018-10-01T06:32:13
1551,low,2018-10-01T04:09:21,2018-10-01T05:55:21
1831,low,2018-10-01T05:55:21,2018-10-01T06:19:21
1107,high,2018-10-01T06:03:19,2018-10-01T07:34:19
1056,low,2018-10-01T06:19:21,2018-10-01T08:02:21
822,medium,2018-10-01T06:32:13,2018-10-01T06:42:13
819,medium,2018-10-01T06:42:13,2018-10-01T07:59:13
1071,high,2018-10-01T07:34:19,2018-10-01T07:46:19
1918,high,2018-10-01T07:46:19,2018-10-01T08:41:19
1326,medium,2018-10-01T07:59:13,2018-10-01T08:59:13
1925,low,2018-10-01T08:02:21,2018-10-01T08:18:21
1863,low,2018-10-01T08:18:21,2018-10-01T09:11:21
1015,high,2018-10-01T08:41:19,2018-10-01T10:14:19
991,low,2018-10-01T09:11:21,2018-10-01T09:45:21
994,low,2018-10-01T09:45:21,2018-10-01T10:54:21
1594,medium,2018-10-01T08:59:13,2018-10-01T10:24:13
1799,high,2018-10-01T10:14:19,2018-10-01T12:01:19
1764,medium,2018-10-01T10:24:13,2018-10-01T12:09:13
1607,low,2018-10-01T10:54:21,2018-10-01T11:18:21
1435,low,2018-10-01T11:18:21,2018-10-01T11:33:21
1933,low,2018-10-01T11:33:21,2018-10-01T12:53:21
937,high,2018-10-01T12:01:19,2018-10-01T13:27:19
2000,low,2018-10-01T12:53:21,2018-10-01T13:05:21
1160,medium,2018-10-01T12:09:13,2018-10-01T14:02:13
1440,low,2018-10-01T13:05:21,2018-10-01T13:17:21
1366,low,2018-10-01T13:17:21,2018-10-01T13:45:21
1847,high,2018-10-01T13:27:19,2018-10-01T14:02:19
